Daily Time Spent on Site,Age,Area Income,Daily Internet Usage,Gender,Clicked on Ad
42.04,37.0,68448.94,142.04,Female,1
66.12,37.0,75180.2,217.37,Female,0
40.47,35.0,73889.99,221.18,Male,0
69.62,34.0,40183.75,160.03,Male,0
75.19,38.0,62053.37,224.23,Male,0
56.39,46.0,40468.53,193.29,Female,0
60.23,43.0,32635.7,198.45,Male,1
54.88,51.0,74535.94,130.41,Female,1
70.92,35.0,73889.99,236.87,Female,0
78.64,39.0,49282.87,258.62,Male,1
43.49,27.0,39193.45,131.29,Male,0
65.65,30.0,50671.6,240.95,Female,0
39.96,26.0,63430.33,222.35,Female,0
83.71,26.0,35521.88,131.68,Male,0
89.05,41.0,63363.04,126.39,Male,1
53.92,31.0,52178.98,207.17,Male,0
83.71,42.0,66025.11,211.38,Male,1
49.21,27.0,57844.96,176.98,Female,0
57.99,49.0,45632.51,168.34,Female,1
61.22,26.0,56694.12,190.17,Female,0
60.23,26.0,57179.91,198.3,Male,1
71.84,39.0,37334.78,190.75,Male,0
52.68,32.0,55424.24,172.83,Female,0
43.49,37.0,19991.72,110.68,Female,1
80.3,49.0,39031.89,195.69,Male,1
62.14,35.0,53898.89,137.63,Male,1
55.6,35.0,73889.99,236.87,Female,0
36.56,29.0,53431.35,130.86,Male,1
43.49,37.0,39031.89,109.29,Male,1
59.51,40.0,62669.59,130.86,Male,1
80.67,26.0,39132.64,131.68,Male,0
59.59,34.0,59785.94,160.03,Female,1
62.14,28.0,44174.25,204.79,Female,0
55.6,54.0,47258.59,240.63,Female,1
80.47,38.0,57868.44,269.96,Female,1
65.56,52.0,61628.72,209.93,Female,1
35.61,30.0,54324.73,140.15,Female,1
86.06,32.0,53188.69,178.92,Male,1
84.76,40.0,40468.53,151.54,Female,1
55.77,29.0,50055.33,196.61,Male,0
83.71,45.0,74903.41,137.24,Male,1
55.6,24.0,52252.91,182.2,Female,1
83.71,26.0,53336.76,228.78,Male,0
56.39,29.0,69646.35,200.71,Female,0
80.31,28.0,53058.91,217.37,Female,0
51.56,27.0,36884.23,131.29,Male,0
55.6,54.0,42993.48,162.08,Female,1
66.08,46.0,58966.22,194.23,Male,0
55.6,24.0,52252.91,182.2,Female,0
86.06,32.0,55424.24,172.83,Male,0
68.01,33.0,77988.71,125.27,Female,0
66.18,28.0,61840.26,217.37,Male,0
87.97,31.0,57739.03,207.17,Male,1
75.42,30.0,66574.0,140.15,Male,1
46.61,41.0,48335.2,145.85,Female,1
46.61,52.0,43974.49,157.04,Female,1
86.06,32.0,55424.24,182.2,Female,1
51.87,19.0,51067.54,195.69,Male,1
76.2,33.0,55015.08,113.12,Male,0
72.53,33.0,39616.0,120.75,Female,0
33.33,41.0,63363.04,255.57,Male,1
68.01,33.0,56782.18,227.37,Female,1
53.92,39.0,56729.78,165.52,Male,0
84.31,25.0,55195.61,245.89,Male,0
41.73,31.0,56180.93,207.17,Male,0
68.01,33.0,56782.18,223.03,Female,1
40.17,26.0,39132.64,228.78,Male,0
44.11,52.0,56725.47,195.69,Male,1
80.31,31.0,61840.26,207.17,Male,1
56.39,29.0,69646.35,200.71,Female,0
40.47,29.0,56113.37,208.05,Female,0
76.87,31.0,56180.93,207.17,Female,0
44.64,36.0,29398.61,140.46,Female,0
70.29,31.0,52178.98,225.99,Male,0
81.75,29.0,69646.35,200.71,Female,0
43.49,19.0,69646.35,131.29,Male,0
76.58,40.0,73882.91,140.46,Female,0
39.96,26.0,67575.12,131.68,Female,0
47.64,29.0,61172.07,216.49,Female,0
78.7,51.0,74535.94,188.56,Male,1
86.06,35.0,73889.99,226.54,Male,1
66.79,40.0,62669.59,111.94,Male,1
44.11,30.0,57877.15,113.69,Male,1
65.59,39.0,32549.95,212.87,Female,1
51.3,22.0,73882.91,121.07,Female,0
78.84,35.0,66541.05,221.18,Male,0
82.07,43.0,58633.63,121.28,Female,1
72.55,39.0,48335.2,258.62,Female,1
35.61,53.0,57877.15,172.83,Female,1
43.49,37.0,23936.86,158.56,Male,1
82.07,48.0,57868.44,123.13,Female,1
60.23,43.0,73538.09,167.86,Male,1
66.08,55.0,62784.85,201.15,Female,1
35.49,31.0,56180.93,207.17,Female,0
59.22,34.0,34191.23,160.03,Female,0
49.21,52.0,36752.24,229.12,Female,1
42.04,28.0,39799.73,207.17,Female,0
56.39,29.0,69646.35,200.71,Female,0
80.47,48.0,52736.33,201.15,Male,1
65.56,29.0,53431.35,196.61,Female,1
47.74,33.0,68094.85,215.18,Male,0
82.07,43.0,56770.79,121.28,Female,1
40.04,34.0,59785.94,160.03,Female,1
71.84,39.0,48335.2,141.52,Female,1
74.06,23.0,59243.46,211.38,Male,1
80.3,29.0,69646.35,216.49,Male,0
80.3,37.0,23936.86,217.37,Female,0
77.6,29.0,69646.35,167.41,Male,0
51.24,54.0,53188.69,136.64,Female,1
40.04,23.0,61617.98,172.81,Male,0
78.7,36.0,76003.47,140.46,Female,1
37.68,40.0,41232.89,117.3,Male,1
47.48,29.0,57545.56,216.49,Female,0
55.6,24.0,52252.91,182.2,Female,0
60.23,43.0,32635.7,198.45,Male,1
41.73,31.0,61840.26,207.17,Male,1
34.66,45.0,74903.41,174.88,Female,1
41.73,28.0,71222.4,217.37,Female,0
84.59,31.0,52178.98,143.79,Male,0
40.04,34.0,59785.94,160.03,Female,0
71.28,54.0,53188.69,230.18,Male,0
40.04,28.0,55121.65,207.17,Male,0
86.06,35.0,73889.99,221.18,Male,0
59.22,37.0,68877.02,108.1,Female,0
40.04,49.0,45632.51,113.8,Female,1
55.6,35.0,73889.99,236.87,Female,0
50.19,32.0,55424.24,172.83,Female,0
70.92,31.0,49111.47,207.17,Female,0
73.72,32.0,55424.24,178.92,Male,0
83.71,38.0,57868.44,108.15,Male,1
79.91,36.0,32549.95,235.29,Male,0
59.22,35.0,51119.93,203.9,Male,1
40.01,44.0,33553.9,137.24,Female,1
56.39,46.0,54286.1,130.86,Female,1
86.06,35.0,42696.67,140.15,Male,1
62.42,29.0,69646.35,191.82,Male,0
75.55,40.0,73882.91,139.02,Male,0
59.59,48.0,52736.33,201.15,Male,1
61.84,27.0,76003.47,190.17,Female,0
76.2,38.0,57868.44,178.75,Male,1
59.05,48.0,70053.27,212.38,Male,1
52.84,42.0,60514.05,146.8,Female,1
50.19,36.0,29398.61,140.46,Male,0
66.12,29.0,67132.46,124.32,Female,0
62.42,43.0,55642.32,198.45,Male,1
43.49,37.0,23936.86,109.29,Male,0
59.51,37.0,67132.46,181.02,Female,0
80.3,28.0,71222.4,217.37,Female,0
66.08,46.0,33951.63,191.82,Male,0
79.52,31.0,50506.44,184.88,Female,0
59.51,40.0,27086.4,117.3,Male,1
35.49,35.0,54875.95,161.16,Male,1
50.19,32.0,55424.24,178.92,Male,0
34.86,30.0,57877.15,113.69,Male,0
46.61,45.0,31092.93,174.88,Female,1
82.7,25.0,57739.03,154.74,Male,0
65.59,31.0,59886.58,207.17,Male,0
65.65,30.0,57877.15,198.72,Female,0
55.6,24.0,50055.33,137.63,Male,1
66.08,19.0,73941.91,235.35,Female,0
49.21,29.0,53431.35,233.04,Female,0
87.35,44.0,56782.18,160.49,Female,0
69.88,34.0,20592.99,168.34,Male,0
61.22,45.0,51739.63,148.93,Female,1
65.59,54.0,61228.96,161.16,Female,1
51.87,29.0,69646.35,190.12,Male,0
56.39,46.0,40468.53,193.29,Female,1
46.61,42.0,43241.19,188.56,Male,1
35.49,36.0,59240.24,222.25,Female,0
51.87,49.0,39031.89,195.69,Male,1
80.47,48.0,62784.85,123.13,Male,1
66.18,31.0,46339.25,236.87,Female,0
46.61,38.0,47510.42,170.13,Female,1
61.22,28.0,39799.73,212.87,Male,0
82.07,43.0,56770.79,157.04,Female,1
51.87,37.0,53058.91,129.31,Female,1
59.59,55.0,62784.85,187.76,Female,1
46.61,44.0,57846.68,163.48,Male,1
59.22,52.0,64021.55,229.12,Female,1
44.64,36.0,70592.81,115.26,Male,0
71.84,31.0,72042.85,212.87,Male,1
37.0,30.0,57877.15,202.61,Male,0
35.66,32.0,69481.85,219.94,Female,1
41.73,28.0,59677.64,207.17,Male,0
42.04,37.0,75180.2,158.56,Male,0
84.98,24.0,52252.91,178.92,Male,0
55.6,24.0,52252.91,178.92,Male,0
85.86,26.0,35521.88,131.68,Male,0
42.04,28.0,37334.78,109.29,Male,1
59.05,52.0,33951.63,229.12,Male,1
60.23,26.0,61009.1,136.4,Male,1
59.51,40.0,57519.64,167.22,Female,0
74.54,31.0,58443.99,156.54,Male,0
59.51,29.0,66504.16,167.22,Female,0
66.79,52.0,73049.3,186.37,Male,1
41.73,28.0,73608.99,217.37,Male,1
89.05,44.0,57868.44,158.42,Male,1
45.48,32.0,55424.24,219.94,Female,1
59.51,30.0,54286.1,167.22,Female,1
40.04,22.0,50216.01,231.49,Female,1
60.53,38.0,51920.49,154.75,Female,1
64.75,36.0,70592.81,140.46,Female,0
51.24,36.0,32549.95,115.26,Male,0
60.53,22.0,14775.5,139.34,Female,0
55.6,35.0,42993.48,221.18,Male,0
46.61,50.0,57868.44,122.31,Female,1
81.75,34.0,20592.99,160.03,Female,0
39.96,25.0,50671.6,241.03,Male,0
55.6,32.0,38609.2,182.2,Female,0
54.88,48.0,52736.33,123.13,Female,1
79.81,22.0,14775.5,245.89,Male,0
39.3,29.0,72203.96,198.5,Male,0
39.96,26.0,74903.41,228.78,Male,1
46.61,40.0,62669.59,117.3,Male,1
82.07,48.0,52736.33,212.38,Male,1
51.87,54.0,51067.54,218.61,Male,1
40.04,42.0,58151.87,199.43,Male,1
90.97,24.0,52252.91,182.2,Female,1
41.73,31.0,61840.26,207.17,Male,0
72.45,29.0,69718.19,190.41,Female,1
51.87,40.0,66873.9,132.63,Male,0
83.71,38.0,50723.67,231.37,Female,0
59.51,40.0,69718.19,167.22,Female,0
45.99,51.0,39616.0,188.56,Male,1
41.73,28.0,71222.4,217.37,Female,0
59.05,50.0,57868.44,123.13,Female,1
56.39,29.0,64267.88,218.61,Male,1
43.84,36.0,29398.61,140.46,Female,0
51.3,44.0,50723.67,131.72,Female,1
55.6,35.0,42993.48,236.87,Male,0
39.96,45.0,59886.58,174.88,Female,0
47.74,40.0,62669.59,195.69,Male,0
78.64,31.0,61840.26,207.17,Male,0
54.37,35.0,54875.95,119.2,Male,1
55.6,54.0,38609.2,177.55,Female,1
55.6,24.0,52252.91,182.2,Female,0
56.39,29.0,42760.22,153.76,Female,1
47.64,29.0,69646.35,200.71,Female,0
54.47,32.0,56605.12,172.83,Male,0
52.68,32.0,70505.06,172.83,Female,0
59.51,40.0,61275.18,120.37,Female,0
40.42,45.0,59610.81,137.24,Male,1
59.05,50.0,58633.63,123.13,Female,1
81.98,34.0,20592.99,160.03,Male,0
72.45,40.0,57260.41,120.06,Female,1
83.67,44.0,57846.68,227.63,Female,1
54.37,35.0,61067.58,221.18,Male,0
80.51,48.0,43974.49,159.77,Female,1
39.36,42.0,55121.65,172.1,Male,0
40.04,34.0,34191.23,160.03,Male,0
60.23,33.0,44174.25,196.77,Male,1
49.21,52.0,47708.42,229.12,Female,1
78.84,35.0,73889.99,226.54,Male,0
65.59,39.0,59677.64,212.87,Male,0
82.07,38.0,57868.44,122.04,Male,0
38.1,34.0,34191.23,160.03,Male,0
51.24,36.0,59240.24,222.25,Female,0
34.3,34.0,34191.23,168.34,Male,0
59.59,43.0,52563.22,157.04,Female,1
43.6,35.0,53898.89,126.39,Female,1
55.6,35.0,58677.69,225.58,Female,0
54.43,39.0,38067.08,138.87,Female,0
59.05,50.0,43974.49,123.13,Male,1
70.29,36.0,32549.95,115.26,Male,0
56.34,40.0,72203.96,244.91,Male,0
72.55,39.0,52520.75,124.44,Female,0
51.56,29.0,50055.33,191.17,Female,1
60.53,35.0,59457.52,156.54,Male,0
78.79,32.0,55424.24,178.92,Male,0
86.06,35.0,48918.55,195.89,Male,0
41.73,41.0,50628.31,126.39,Male,1
40.04,31.0,61840.26,207.17,Male,0
81.75,29.0,69646.35,130.86,Male,1
82.79,35.0,73889.99,236.87,Female,0
71.33,39.0,53336.76,202.18,Female,0
55.6,39.0,56180.93,116.53,Male,1
78.7,51.0,57868.44,178.75,Female,1
40.04,38.0,71455.62,118.45,Female,0
70.58,28.0,72948.76,230.52,Female,1
40.04,34.0,59785.94,160.03,Female,0
46.61,50.0,73538.09,163.48,Female,1
62.42,19.0,66873.9,133.2,Male,0
59.22,37.0,39031.89,109.29,Male,1
45.7,32.0,69481.85,178.92,Male,0
54.39,34.0,34191.23,168.34,Male,0
62.31,28.0,52011.0,217.37,Female,0
84.29,28.0,55121.65,172.81,Female,0
51.24,30.0,33293.78,140.15,Female,1
55.6,35.0,73889.99,236.87,Female,0
73.72,36.0,59240.24,140.46,Female,0
82.07,22.0,63363.04,133.2,Male,0
52.84,34.0,34191.23,183.82,Male,1
40.04,34.0,34191.23,203.84,Male,0
67.85,49.0,39031.89,195.69,Male,1
72.8,27.0,77988.71,222.11,Female,0
67.56,54.0,53188.69,269.96,Male,1
41.73,42.0,60514.05,129.8,Male,1
50.19,36.0,32549.95,141.52,Male,1
55.6,35.0,25603.93,236.87,Female,0
60.23,33.0,64147.86,130.86,Male,1
39.3,29.0,53431.35,126.97,Female,1
81.22,51.0,53431.35,123.13,Female,0
54.47,35.0,56113.37,236.87,Female,0
63.45,42.0,58151.87,231.48,Male,0
80.3,49.0,45632.51,113.8,Female,1
40.47,35.0,25603.93,236.87,Female,0
59.51,30.0,66265.34,167.22,Female,0
54.88,33.0,40468.53,120.06,Female,1
72.23,40.0,41232.89,120.37,Female,0
66.12,39.0,52416.18,178.51,Female,0
59.51,29.0,69646.35,105.22,Male,0
60.7,49.0,45632.51,168.34,Female,1
44.78,38.0,71455.62,154.75,Female,1
55.6,32.0,57691.95,178.92,Male,0
74.63,39.0,74623.27,204.79,Female,0
39.3,32.0,70492.6,219.94,Male,1
53.68,37.0,23936.86,140.15,Female,1
71.84,39.0,56729.78,141.96,Male,1
59.59,50.0,43974.49,123.13,Female,1
82.07,22.0,31215.88,156.36,Female,1
50.63,39.0,19991.72,236.87,Female,0
51.24,36.0,76003.47,140.46,Female,1
56.39,46.0,69646.35,198.5,Male,1
40.47,35.0,25603.93,236.87,Female,0
40.04,34.0,40183.75,168.34,Female,0
41.73,28.0,59448.44,120.49,Male,0
82.07,43.0,39616.0,163.48,Female,1
55.6,24.0,52252.91,178.92,Male,0
59.59,34.0,59785.94,160.03,Female,1
84.98,32.0,69481.85,178.92,Male,1
68.61,27.0,14548.06,193.29,Female,1
84.98,40.0,66873.9,178.92,Male,0
55.6,24.0,52252.91,178.92,Male,0
49.21,45.0,67575.12,174.88,Female,1
59.59,34.0,59785.94,160.03,Female,0
86.06,35.0,51119.93,133.9,Male,1
89.05,43.0,73538.09,121.28,Female,1
56.39,54.0,54286.1,218.61,Female,1
60.23,43.0,73538.09,198.45,Male,1
80.47,48.0,57868.44,123.13,Male,1
55.6,35.0,19991.72,161.16,Female,1
65.77,34.0,34191.23,224.44,Male,1
55.6,39.0,23936.86,212.87,Female,0
81.58,26.0,74903.41,131.68,Male,0
55.6,35.0,25603.93,236.87,Female,0
65.77,31.0,57739.03,228.78,Female,1
60.23,40.0,42696.67,111.94,Male,1
60.83,32.0,55424.24,178.92,Male,1
41.73,28.0,39799.73,217.37,Female,0
84.98,24.0,64698.58,178.92,Male,0
55.6,39.0,65953.76,111.59,Male,1
79.54,41.0,57846.68,158.42,Male,1
82.07,22.0,31215.88,121.07,Female,0
55.6,39.0,19991.72,143.04,Female,1
51.24,36.0,32549.95,141.52,Female,1
71.84,42.0,57868.44,129.8,Male,1
42.04,37.0,53058.91,181.25,Female,1
55.6,54.0,53188.69,182.2,Male,1
42.94,37.0,68877.02,129.31,Female,1
51.24,36.0,59240.24,222.25,Female,0
58.21,27.0,31281.01,190.17,Female,1
39.3,29.0,53431.35,158.56,Female,1
55.6,35.0,56113.37,236.87,Female,0
73.89,28.0,57739.03,172.81,Female,0
69.62,34.0,59785.94,160.03,Female,0
60.23,43.0,73538.09,167.86,Male,1
87.35,31.0,52178.98,240.64,Male,0
40.04,34.0,59785.94,160.03,Female,0
89.05,50.0,57868.44,187.76,Male,1
59.22,24.0,18368.57,196.77,Male,1
77.65,25.0,60315.19,116.38,Male,0
69.86,33.0,41547.62,191.82,Male,0
59.59,51.0,74535.94,188.56,Male,1
71.84,41.0,57846.68,126.39,Male,1
51.87,60.0,59448.44,193.29,Female,0
82.87,42.0,60514.05,243.61,Female,1
47.64,29.0,69718.19,200.71,Female,0
81.75,19.0,63430.33,204.02,Male,0
71.14,45.0,59886.58,124.67,Female,0
51.87,35.0,53898.89,119.2,Male,1
75.55,24.0,52252.91,167.22,Female,1
56.46,26.0,39840.55,109.98,Female,1
40.17,45.0,59886.58,124.67,Female,1
68.01,38.0,32593.59,259.76,Female,0
89.05,40.0,44248.52,117.3,Male,1
66.18,34.0,40183.75,160.03,Female,0
55.6,35.0,57739.03,226.54,Male,0
46.61,55.0,57014.84,187.76,Female,1
86.06,32.0,69481.85,178.92,Male,0
51.24,36.0,59593.56,115.26,Male,0
89.05,49.0,64564.07,187.76,Male,1
55.6,54.0,42993.48,161.16,Female,1
82.07,38.0,70582.55,187.76,Male,1
43.49,29.0,61172.07,217.1,Male,0
67.56,28.0,71222.4,139.01,Female,0
71.33,54.0,43450.11,230.18,Female,1
73.72,36.0,32549.95,109.07,Male,1
73.72,39.0,37334.78,236.87,Female,1
66.69,40.0,56113.37,182.2,Female,0
60.7,37.0,53058.91,129.31,Female,0
41.73,42.0,60514.05,129.8,Male,1
42.04,49.0,45632.51,195.69,Female,1
83.71,26.0,56694.12,194.62,Female,1
89.05,38.0,64564.07,122.04,Male,1
66.12,37.0,75180.2,120.49,Female,1
55.6,36.0,59240.24,222.25,Female,0
74.06,42.0,60514.05,199.43,Female,1
63.89,25.0,50671.6,141.89,Male,0
78.17,41.0,57846.68,115.6,Male,1
67.56,28.0,53058.91,217.37,Female,1
40.17,26.0,63649.04,228.78,Female,0
82.07,22.0,48335.2,176.98,Female,0
80.3,52.0,33951.63,186.37,Male,1
84.73,38.0,57868.44,230.93,Female,1
49.21,52.0,64021.55,206.98,Female,1
88.12,38.0,57868.44,230.93,Female,1
41.73,28.0,71222.4,217.37,Female,0
55.46,27.0,64045.93,216.49,Female,0
40.04,34.0,34191.23,203.84,Male,0
50.19,36.0,29398.61,140.46,Female,0
47.64,29.0,72203.96,208.05,Female,0
36.73,34.0,34191.23,160.03,Male,1
40.04,34.0,40183.75,203.84,Male,0
56.39,60.0,69646.35,121.57,Female,1
80.47,38.0,57868.44,170.13,Female,1
36.56,46.0,33951.63,231.95,Male,1
79.54,41.0,50628.31,126.39,Male,1
80.3,37.0,68448.94,217.37,Male,0
35.49,36.0,76003.47,141.52,Male,1
56.34,40.0,51317.33,167.22,Female,1
60.83,29.0,53431.35,158.56,Male,1
56.16,27.0,39193.45,193.29,Male,0
69.62,34.0,60283.98,224.44,Male,1
59.59,43.0,73538.09,167.86,Male,1
89.05,42.0,57868.44,114.69,Male,1
46.61,41.0,48335.2,137.24,Female,1
44.4,36.0,32549.95,115.26,Male,0
50.19,32.0,55424.24,178.92,Male,0
64.1,26.0,53336.76,140.46,Female,0
84.73,26.0,70203.74,190.17,Female,1
71.03,28.0,71222.4,217.37,Female,0
90.97,35.0,50723.67,202.18,Female,0
41.89,25.0,50506.44,241.03,Male,0
82.07,44.0,65883.39,122.31,Female,1
51.24,32.0,55424.24,172.83,Female,0
66.18,28.0,55993.68,120.49,Male,0
59.59,43.0,53922.43,157.04,Female,1
34.3,34.0,34191.23,160.03,Male,0
35.49,39.0,38067.08,124.44,Female,1
51.24,36.0,39840.55,140.46,Female,1
66.12,49.0,45632.51,168.34,Female,1
51.24,26.0,56694.12,190.17,Female,0
46.61,44.0,61009.1,187.76,Male,1
80.3,49.0,39031.89,195.69,Male,1
56.64,38.0,70582.55,122.04,Male,0
79.52,41.0,59243.46,109.29,Male,0
82.07,43.0,57868.44,121.28,Female,1
51.87,52.0,33951.63,195.69,Male,1
46.61,42.0,43241.19,236.87,Female,1
63.45,24.0,61601.05,182.2,Female,0
80.3,29.0,53431.35,158.56,Female,1
55.6,35.0,58677.69,236.87,Female,0
43.49,37.0,23936.86,195.69,Female,0
55.6,24.0,52252.91,182.2,Female,0
69.62,23.0,42162.9,211.38,Male,1
88.04,38.0,64564.07,206.98,Male,1
40.04,23.0,55121.65,172.81,Female,0
41.73,31.0,61840.26,207.17,Male,0
79.15,26.0,31265.75,207.96,Male,0
47.64,38.0,60283.98,168.34,Female,1
81.58,41.0,50628.31,126.39,Male,1
82.07,22.0,31215.88,128.16,Female,1
55.6,35.0,56113.37,236.87,Female,0
66.49,34.0,59785.94,168.34,Female,1
40.47,35.0,73889.99,226.54,Male,0
61.22,36.0,32549.95,115.26,Male,0
51.24,36.0,76003.47,140.46,Female,0
54.88,51.0,39616.0,139.02,Female,1
65.77,34.0,59785.94,204.22,Female,0
46.61,55.0,57868.44,107.56,Female,1
59.05,34.0,40183.75,204.22,Female,1
69.88,23.0,58677.69,217.37,Female,1
53.92,49.0,39031.89,195.69,Male,1
34.3,34.0,40183.75,183.82,Male,1
56.39,29.0,69646.35,200.71,Female,0
73.72,32.0,55424.24,172.83,Male,1
60.23,43.0,53922.43,163.48,Female,1
51.24,36.0,59240.24,141.52,Female,1
46.61,44.0,44174.25,122.31,Female,1
44.15,23.0,56725.47,217.37,Male,1
55.6,35.0,65756.36,195.31,Female,1
57.24,40.0,62669.59,221.98,Male,1
46.61,50.0,44174.25,122.31,Female,1
41.73,28.0,44174.25,204.79,Female,0
54.88,43.0,39616.0,122.31,Female,1
68.01,46.0,33951.63,231.95,Male,1
84.31,31.0,59886.58,183.85,Male,0
43.6,35.0,25603.93,236.87,Female,0
88.04,38.0,57868.44,170.13,Female,1
55.6,35.0,42993.48,221.18,Male,1
79.54,41.0,57846.68,126.39,Female,1
81.59,35.0,74445.18,235.29,Male,0
69.88,34.0,34191.23,160.03,Female,1
80.3,49.0,39031.89,195.69,Male,1
40.47,35.0,25603.93,236.87,Female,1
45.01,26.0,61840.26,149.79,Male,0
79.81,42.0,62161.26,120.75,Female,0
43.49,37.0,50960.08,158.56,Male,1
83.97,41.0,57846.68,187.76,Male,1
75.84,41.0,63363.04,137.24,Female,0
43.49,39.0,52520.75,214.42,Female,0
34.78,36.0,32549.95,115.26,Male,1
35.61,28.0,53058.91,139.01,Female,1
51.87,19.0,33951.63,229.22,Male,0
89.71,32.0,69481.85,221.21,Male,0
79.52,41.0,57846.68,126.39,Female,1
45.01,26.0,56683.32,207.17,Male,0
55.92,22.0,51257.26,133.2,Female,0
82.07,41.0,57846.68,187.76,Female,1
74.54,43.0,32635.7,167.86,Male,1
60.23,51.0,57868.44,111.94,Male,1
70.39,27.0,68357.96,185.46,Female,1
80.3,49.0,45632.51,113.8,Female,1
51.3,26.0,51463.17,131.68,Female,0
44.4,36.0,32549.95,109.07,Male,0
42.04,49.0,39031.89,195.69,Male,1
84.98,27.0,36884.23,184.94,Male,0
83.71,26.0,35521.88,131.68,Female,1
51.24,40.0,38067.08,221.98,Female,1
56.16,29.0,69718.19,123.51,Female,1
55.6,54.0,61601.05,230.18,Male,0
75.55,32.0,70505.06,172.83,Female,0
86.06,29.0,53431.35,217.1,Male,1
80.3,52.0,33951.63,130.86,Male,1
47.48,27.0,14548.06,239.32,Female,1
62.26,32.0,69481.85,172.83,Female,1
51.24,32.0,66744.65,190.05,Female,1
69.62,34.0,59785.94,203.44,Female,1
70.29,26.0,60315.19,228.78,Male,0
73.89,39.0,56180.93,204.79,Female,0
88.12,41.0,50628.31,144.77,Male,0
78.37,38.0,71455.62,170.13,Female,1
43.49,37.0,23936.86,217.37,Female,0
68.88,42.0,40182.84,238.58,Female,1
75.84,25.0,50506.44,241.03,Female,0
49.21,40.0,14775.5,184.23,Male,1
55.6,24.0,52252.91,182.2,Female,0
56.39,46.0,54286.1,193.29,Female,1
55.6,24.0,52252.91,182.2,Female,0
32.6,46.0,54251.78,120.75,Male,0
52.84,23.0,59243.46,223.93,Male,0
54.47,35.0,73889.99,226.54,Male,0
59.59,55.0,36752.24,187.76,Female,1
45.48,32.0,55424.24,172.83,Male,0
42.04,37.0,23936.86,217.37,Male,0
37.0,36.0,70592.81,232.78,Male,0
59.51,40.0,73882.91,139.02,Female,0
69.62,34.0,34191.23,168.34,Male,0
44.4,30.0,69428.73,201.58,Female,0
55.6,31.0,56180.93,207.17,Female,0
46.61,45.0,52563.22,176.98,Female,1
63.36,26.0,53336.76,207.96,Male,0
84.98,39.0,74623.27,212.87,Male,0
55.6,35.0,25603.93,236.87,Female,0
40.04,34.0,40183.75,114.53,Male,0
81.75,19.0,34191.23,168.34,Male,0
64.24,40.0,53549.94,191.82,Male,0
49.21,52.0,49101.67,130.86,Female,1
71.28,24.0,65120.86,167.22,Female,0
82.07,22.0,67058.72,121.07,Female,0
80.46,45.0,46197.59,124.67,Female,1
73.49,26.0,59457.52,131.68,Male,0
35.66,31.0,59886.58,171.23,Male,0
55.6,35.0,25603.93,236.87,Female,0
82.07,48.0,65956.71,212.38,Female,1
88.12,26.0,53336.76,131.68,Female,0
60.23,43.0,73538.09,167.86,Male,1
69.15,27.0,66187.58,239.32,Female,0
55.6,39.0,53336.76,124.44,Female,0
66.08,34.0,45632.51,168.34,Female,0
41.73,23.0,58151.87,217.37,Female,0
59.05,48.0,43974.49,212.38,Male,1
62.26,24.0,52252.91,182.2,Female,1
80.3,49.0,45632.51,113.8,Female,1
78.51,36.0,76003.47,115.26,Male,1
81.75,19.0,69646.35,131.29,Male,0
55.6,24.0,52252.91,182.2,Female,0
80.3,49.0,45632.51,113.8,Female,1
40.47,35.0,66187.58,236.87,Female,0
80.31,31.0,61840.26,207.17,Male,0
35.61,29.0,53431.35,115.6,Female,0
65.77,23.0,46422.76,216.01,Male,1
83.71,42.0,50723.67,238.58,Female,1
80.51,41.0,63363.04,158.42,Male,1
43.16,39.0,54251.78,190.12,Male,0
44.4,30.0,57877.15,172.83,Female,0
75.84,23.0,55121.65,217.37,Female,0
89.34,32.0,70505.06,172.83,Female,1
47.74,51.0,74535.94,165.27,Male,1
37.45,31.0,56180.93,207.17,Female,0
49.21,29.0,69718.19,158.56,Female,0
80.31,42.0,60514.05,238.58,Female,1
49.21,27.0,36884.23,131.29,Male,0
82.07,38.0,64564.07,230.91,Male,0
65.65,24.0,57545.56,228.81,Female,0
62.26,36.0,70592.81,141.52,Male,0
42.04,37.0,53058.91,129.31,Female,1
55.6,30.0,54286.1,182.2,Female,0
60.72,31.0,61840.26,207.17,Male,0
46.14,52.0,73049.3,209.72,Male,1
52.68,24.0,52252.91,182.2,Female,0
61.22,31.0,61840.26,207.17,Male,0
79.52,50.0,43974.49,123.13,Female,1
56.16,33.0,43974.49,123.13,Female,1
67.8,45.0,31092.93,137.24,Male,1
51.24,36.0,66269.49,140.46,Female,0
71.28,54.0,38609.2,182.2,Female,0
68.01,26.0,51463.17,259.76,Female,0
77.14,33.0,27241.11,191.82,Male,0
38.37,32.0,55424.24,182.2,Female,1
42.04,31.0,58235.21,207.17,Female,0
82.07,41.0,57846.68,187.76,Female,1
75.42,53.0,57877.15,182.2,Female,1
78.36,43.0,53922.43,163.48,Female,1
89.0,43.0,57868.44,167.86,Male,1
70.29,24.0,52252.91,182.2,Female,1
79.54,41.0,57846.68,131.72,Male,1
42.6,31.0,56180.93,207.17,Female,0
60.23,33.0,68094.85,204.27,Male,1
70.58,39.0,48335.2,138.87,Female,1
66.08,33.0,60953.93,215.18,Female,0
79.54,44.0,48335.2,187.76,Female,1
52.68,35.0,25603.93,236.87,Female,0
72.55,39.0,39840.55,131.98,Female,0
39.96,45.0,31092.93,174.88,Female,1
59.05,48.0,70053.27,201.15,Male,1
61.22,45.0,61526.25,174.88,Female,1
55.6,24.0,61601.05,178.92,Male,0
55.6,29.0,49850.52,216.49,Female,0
49.21,30.0,57877.15,201.58,Female,0
38.96,31.0,51739.63,245.76,Female,0
43.49,37.0,42993.48,111.59,Male,1
44.64,36.0,29398.61,140.46,Female,0
66.18,19.0,34191.23,168.34,Female,0
55.6,39.0,31947.65,236.87,Female,0
35.61,29.0,61172.07,216.49,Male,0
89.05,44.0,34191.13,140.95,Male,1
50.19,36.0,32549.95,203.9,Male,1
76.2,50.0,43974.49,123.13,Male,1
47.53,30.0,57877.15,201.58,Female,1
53.68,27.0,36884.23,168.92,Male,0
81.75,19.0,34191.23,151.93,Male,0
56.34,40.0,66574.0,218.61,Male,1
48.03,45.0,31092.93,150.8,Female,1
84.98,24.0,52252.91,202.61,Male,0
66.08,43.0,52563.22,157.04,Female,1
44.78,26.0,56694.12,131.68,Female,0
81.75,19.0,62060.11,113.53,Female,0
53.92,39.0,61840.26,207.17,Male,0
43.6,40.0,73889.99,221.18,Male,1
66.12,19.0,79332.33,163.0,Female,0
55.6,35.0,42993.48,161.16,Female,1
88.12,38.0,51920.49,230.93,Female,1
41.16,30.0,48918.55,202.61,Male,0
42.04,37.0,23936.86,120.49,Male,0
44.4,30.0,69428.73,123.51,Female,0
69.62,22.0,73882.91,133.2,Male,0
71.84,28.0,55121.65,222.87,Female,1
37.87,43.0,73538.09,167.86,Male,1
55.6,24.0,52252.91,182.2,Female,1
74.63,39.0,67132.46,214.42,Female,0
82.07,43.0,53922.43,121.28,Female,1
81.75,49.0,45632.51,168.34,Female,0
89.05,44.0,33553.9,131.72,Male,1
55.6,54.0,38609.2,182.2,Female,0
89.05,41.0,59243.46,126.39,Male,1
47.74,29.0,53431.35,217.1,Male,0
40.04,34.0,34191.23,168.34,Female,1
55.6,35.0,73889.99,221.18,Male,0
56.3,37.0,67132.46,217.37,Female,1
39.3,29.0,53431.35,158.56,Female,1
89.05,23.0,25739.09,146.8,Female,1
61.04,36.0,76003.47,140.46,Female,1
54.88,43.0,36752.24,157.04,Female,1
43.49,49.0,39031.89,195.69,Male,1
40.04,48.0,43974.49,157.04,Female,1
51.24,36.0,59240.24,222.25,Female,0
42.04,37.0,23936.86,181.02,Female,0
75.15,33.0,51772.58,204.02,Male,0
68.88,42.0,60514.05,236.87,Female,1
71.28,36.0,32549.95,221.98,Male,1
43.49,28.0,39799.73,217.37,Male,0
39.96,26.0,59593.56,109.98,Female,0
56.16,30.0,53188.69,111.94,Male,1
79.15,40.0,60372.64,109.29,Male,0
60.72,28.0,47258.59,217.37,Female,0
55.6,35.0,42993.48,221.18,Female,0
56.16,33.0,43974.49,196.77,Female,1
89.05,41.0,59243.46,187.76,Male,0
59.05,44.0,48335.2,137.24,Female,1
41.73,42.0,59243.46,238.58,Female,1
56.39,29.0,61230.03,153.76,Female,1
81.58,25.0,77567.85,234.26,Male,0
55.6,24.0,52252.91,182.2,Female,1
79.54,41.0,57846.68,158.8,Male,1
35.61,54.0,66187.58,108.03,Female,1
46.61,50.0,57868.44,123.13,Female,1
65.59,39.0,63649.04,161.16,Male,1
65.77,38.0,71455.62,226.74,Female,1
73.72,35.0,73889.99,226.54,Male,0
59.51,29.0,73910.9,136.18,Male,0
40.17,26.0,74903.41,149.79,Male,0
41.16,30.0,58677.69,228.81,Female,0
89.0,22.0,44248.52,139.02,Male,0
53.92,42.0,61840.26,243.61,Male,1
55.6,35.0,73889.99,221.18,Male,0
43.49,37.0,75180.2,253.17,Male,1
50.08,40.0,62669.59,140.15,Female,1
88.04,41.0,51510.18,137.24,Female,1
60.53,38.0,57868.44,170.13,Female,1
72.55,36.0,76003.47,140.46,Female,1
37.0,30.0,57877.15,201.58,Male,0
55.6,35.0,73889.99,236.87,Female,0
56.39,60.0,69646.35,218.61,Female,1
81.75,40.0,67479.62,140.46,Female,0
76.2,34.0,40183.75,168.34,Male,0
40.04,23.0,56457.01,172.81,Male,1
60.23,33.0,72325.91,112.72,Male,1
60.53,22.0,63363.04,121.07,Female,0
44.4,32.0,69481.85,178.92,Male,1
38.37,32.0,70505.06,219.94,Female,1
88.12,40.0,57846.68,227.63,Female,1
38.37,24.0,52252.91,182.2,Female,1
66.08,19.0,73941.91,196.77,Female,0
80.3,37.0,23936.86,181.02,Female,1
38.37,36.0,76003.47,140.46,Male,0
41.73,28.0,52011.0,221.94,Female,0
89.34,32.0,55424.24,172.83,Female,1
39.96,26.0,63430.33,259.76,Female,0
80.3,29.0,56782.18,230.52,Female,1
43.59,40.0,73882.91,191.82,Male,0
49.21,25.0,49850.52,241.03,Female,0
49.21,30.0,58543.94,140.15,Female,1
51.24,54.0,53188.69,255.61,Female,0
43.49,37.0,57806.03,142.81,Male,1
55.6,28.0,19991.72,236.87,Female,0
44.64,36.0,76003.47,140.46,Female,1
34.78,32.0,69481.85,172.83,Male,0
76.81,28.0,51501.38,120.49,Male,0
57.99,28.0,61840.26,199.39,Male,0
60.23,43.0,56770.79,157.04,Female,1
69.62,34.0,40183.75,160.03,Male,0
65.77,23.0,25739.09,172.81,Male,1
56.39,40.0,63394.41,140.46,Female,1
83.4,34.0,59785.94,160.03,Female,0
67.56,24.0,59144.02,152.94,Male,1
68.18,28.0,53058.91,217.37,Female,0
88.04,50.0,43974.49,123.13,Female,1
41.73,28.0,55121.65,217.37,Male,0
57.99,52.0,73049.3,229.12,Male,1
55.6,24.0,52252.91,178.92,Male,0
83.71,42.0,60514.05,238.58,Female,1
44.78,38.0,57868.44,130.83,Male,1
72.23,36.0,61610.05,140.46,Female,0
80.3,29.0,66504.16,173.43,Male,1
40.47,35.0,42993.48,221.18,Male,0
39.96,26.0,63430.33,241.03,Female,0
51.3,26.0,70203.74,131.68,Female,0
56.3,37.0,53058.91,217.37,Female,1
71.28,40.0,31523.09,167.22,Female,1
65.77,42.0,60514.05,129.8,Female,1
35.61,37.0,47575.44,216.49,Female,0
49.21,45.0,54324.73,174.88,Female,1
60.83,36.0,50628.31,115.26,Male,1
69.88,34.0,34191.23,160.03,Male,0
81.75,33.0,60953.93,125.27,Female,0
60.23,50.0,57868.44,125.22,Female,1
87.35,25.0,25686.34,141.89,Male,0
40.04,50.0,63430.33,212.38,Male,1
57.86,40.0,40468.53,229.12,Female,1
55.6,32.0,69481.85,178.92,Male,0
79.81,34.0,34191.23,160.03,Female,0
38.35,32.0,52736.33,230.18,Male,0
80.03,42.0,60514.05,243.61,Female,1
59.59,48.0,52736.33,167.67,Female,1
65.59,36.0,50628.31,115.26,Male,0
46.61,43.0,66025.11,167.86,Male,1
38.37,36.0,76003.47,115.26,Male,1
81.22,41.0,50628.31,126.39,Male,1
80.51,45.0,59610.81,236.19,Female,1
55.6,24.0,52252.91,182.2,Female,1
74.54,42.0,60514.05,238.58,Female,1
55.6,24.0,64698.58,178.92,Male,0
72.23,40.0,66873.9,229.22,Male,0
79.52,41.0,57846.68,158.8,Female,1
77.66,37.0,75180.2,195.69,Male,0
44.64,36.0,61610.05,140.46,Female,1
42.6,31.0,59677.64,207.17,Male,0
69.88,34.0,34191.23,160.03,Male,1
43.49,37.0,23936.86,109.29,Male,0
79.54,36.0,32549.95,234.26,Male,0
55.6,31.0,52520.75,212.87,Female,0
60.83,32.0,69481.85,118.27,Male,1
56.39,46.0,33951.63,229.12,Male,1
70.96,40.0,66873.9,132.63,Male,0
59.59,48.0,62784.85,159.77,Female,1
39.96,26.0,58363.12,190.17,Female,0
59.22,49.0,58576.12,195.69,Male,1
55.6,35.0,56113.37,236.87,Female,0
82.07,38.0,70005.51,206.98,Female,1
70.92,35.0,42993.48,214.33,Male,0
56.01,29.0,53431.35,217.1,Female,0
55.6,37.0,74623.27,178.51,Female,0
64.38,42.0,59243.46,243.61,Male,1
66.79,29.0,14775.5,184.23,Male,1
37.0,30.0,33293.78,228.81,Female,1
56.3,30.0,58677.69,228.81,Female,0
81.98,50.0,52736.33,123.13,Male,1
51.56,46.0,58966.22,191.82,Female,0
59.05,34.0,59785.94,160.03,Female,1
45.08,37.0,67132.46,181.02,Female,0
46.61,23.0,60514.05,211.38,Female,1
65.77,23.0,25739.09,172.81,Male,0
62.26,36.0,32549.95,141.52,Male,0
74.54,50.0,71511.08,123.13,Female,1
88.04,50.0,58633.63,187.76,Female,1
56.39,19.0,40468.53,193.29,Female,1
44.4,32.0,55424.24,233.04,Female,1
38.37,36.0,61610.05,140.46,Female,1
37.87,44.0,57846.68,187.76,Female,1
52.68,39.0,42993.48,109.29,Male,1
74.06,49.0,40763.13,195.69,Male,1
58.95,36.0,67511.86,109.29,Male,0
78.64,31.0,56180.93,207.17,Female,0
68.01,43.0,52563.22,157.04,Female,1
42.04,29.0,68448.94,195.69,Male,0
55.6,35.0,73889.99,221.18,Male,0
47.48,27.0,50666.5,202.18,Female,1
55.6,29.0,69646.35,225.58,Female,0
80.47,38.0,64564.07,108.15,Male,1
43.49,37.0,67132.46,129.31,Female,0
56.39,29.0,69646.35,191.82,Female,1
54.47,35.0,25603.93,225.58,Female,0
44.78,26.0,32252.38,131.76,Male,0
81.58,25.0,50671.6,241.03,Male,0
44.33,39.0,38067.08,124.44,Female,0
40.34,31.0,28271.84,207.17,Female,0
80.3,37.0,67132.46,177.55,Female,0
44.72,38.0,70582.55,130.83,Male,1
57.24,33.0,43974.49,117.75,Male,1
82.79,35.0,51119.93,226.54,Male,1
41.73,34.0,40763.13,168.34,Male,1
65.56,46.0,54286.1,253.48,Female,0
79.52,49.0,64564.07,187.76,Male,1
60.23,50.0,58633.63,123.13,Male,1
53.92,49.0,43450.11,195.69,Male,1
84.33,25.0,52011.0,233.85,Female,0
37.0,32.0,55424.24,178.92,Male,0
62.06,40.0,62669.59,122.59,Male,1
55.6,35.0,73889.99,226.54,Male,0
88.04,26.0,51463.17,131.68,Female,0
73.38,52.0,43974.49,229.12,Female,1
61.22,25.0,72203.96,240.09,Male,0
47.48,29.0,69646.35,219.94,Female,0
63.45,24.0,53188.69,182.2,Male,0
37.0,30.0,58677.69,219.94,Female,0
43.49,37.0,39031.89,161.16,Male,1
39.96,54.0,56605.12,202.25,Female,0
75.84,25.0,50506.44,122.04,Male,0
66.18,49.0,45632.51,168.34,Female,0
80.3,52.0,51409.45,234.75,Male,1
89.05,41.0,64828.0,126.39,Female,1
40.47,35.0,25603.93,236.87,Female,0
89.05,41.0,50628.31,126.39,Male,1
49.21,53.0,54324.73,172.83,Male,1
34.3,34.0,34191.23,224.44,Male,0
59.59,22.0,51257.26,136.21,Female,0
79.52,43.0,57868.44,167.86,Male,1
38.37,36.0,76003.47,141.52,Female,1
70.09,50.0,43974.49,123.13,Female,1
80.3,37.0,53058.91,140.15,Female,1
53.92,39.0,32549.95,165.62,Male,1
65.77,23.0,50723.67,211.38,Male,1
67.69,40.0,41232.89,120.06,Female,1
46.61,36.0,29398.61,140.46,Female,1
66.83,34.0,59785.94,160.03,Female,0
71.33,39.0,61601.05,212.87,Female,0
40.04,23.0,46422.76,172.81,Female,1
38.37,32.0,60283.98,219.94,Female,1
46.61,26.0,74903.41,228.78,Male,0
39.96,45.0,31092.93,124.67,Female,1
56.39,46.0,58966.22,191.82,Female,0
88.12,26.0,60997.84,176.98,Female,1
65.77,34.0,40183.75,160.03,Male,0
51.56,27.0,36884.23,131.29,Male,0
82.07,38.0,57868.44,130.83,Female,1
66.12,24.0,52252.91,176.7,Female,1
47.74,51.0,74535.94,120.37,Male,1
54.47,32.0,55424.24,172.83,Male,0
55.6,39.0,61601.05,128.62,Female,0
55.55,36.0,76003.47,141.52,Male,1
89.0,51.0,74535.94,188.56,Male,1
41.73,28.0,67301.39,221.94,Male,1
79.52,43.0,60997.84,121.28,Female,1
78.64,31.0,61840.26,207.17,Male,0
40.04,23.0,55121.65,172.81,Male,0
81.75,52.0,19345.36,186.37,Female,1
80.3,37.0,53058.91,128.17,Female,0
40.04,34.0,20592.99,160.03,Female,0
80.3,49.0,45632.51,113.8,Female,1
48.03,40.0,40468.53,140.46,Female,1
86.06,35.0,73889.99,226.54,Male,0
81.75,46.0,66815.54,229.12,Female,1
70.29,31.0,52178.98,240.64,Male,0
51.87,40.0,51067.54,258.62,Female,1
36.87,31.0,59886.58,206.98,Female,1
40.04,23.0,46422.76,222.87,Female,1
35.61,39.0,19991.72,108.1,Female,0
56.39,46.0,58966.22,253.48,Male,0
80.3,37.0,23936.86,253.17,Female,0
40.17,25.0,59886.58,165.52,Male,0
44.15,28.0,61840.26,217.37,Male,0
75.42,35.0,42696.67,140.15,Male,1
44.72,48.0,62784.85,187.76,Male,1
38.37,36.0,70592.81,176.7,Female,0
62.26,32.0,69481.85,178.92,Male,1
38.37,36.0,59240.24,222.25,Male,0
56.39,46.0,40468.53,221.98,Female,1
71.03,28.0,59448.44,230.52,Female,0
40.04,28.0,53058.91,172.81,Female,0
55.6,24.0,52252.91,182.2,Female,1
59.05,21.0,64011.26,139.34,Female,1
55.6,24.0,55041.6,178.92,Male,0
59.51,40.0,33293.78,118.16,Female,1
51.24,36.0,61610.05,140.46,Female,1
39.76,23.0,61617.98,211.38,Male,0
77.14,33.0,58966.22,215.18,Female,0
59.05,48.0,52736.33,212.38,Male,1
55.6,35.0,49995.63,236.87,Female,0
51.24,36.0,29398.61,140.46,Female,1
46.61,43.0,60575.99,198.45,Male,1
40.17,26.0,35521.88,228.78,Male,0
81.22,41.0,57846.68,126.39,Female,1
66.08,34.0,40183.75,165.65,Male,0
59.51,30.0,33293.78,140.15,Female,1
86.06,32.0,55424.24,178.92,Male,0
57.24,33.0,49101.67,120.75,Male,1
41.73,28.0,61840.26,120.49,Male,0
35.61,37.0,66187.58,140.15,Female,1
70.61,28.0,71222.4,204.79,Female,0
55.6,39.0,35253.98,177.55,Female,1
79.54,41.0,50671.6,234.26,Male,1
55.6,54.0,54286.1,230.18,Female,1
89.05,41.0,51510.18,158.42,Male,1
79.6,23.0,60514.05,172.81,Female,1
59.05,50.0,43974.49,123.13,Female,1
75.84,25.0,50506.44,176.28,Female,1
63.45,31.0,58235.21,207.17,Male,0
39.3,44.0,49850.52,136.21,Female,0
43.6,35.0,25603.93,236.87,Female,0
39.3,27.0,59106.12,214.42,Female,0
89.34,27.0,36884.23,239.32,Female,0
84.76,40.0,75769.82,140.46,Female,1
40.04,23.0,25739.09,172.81,Female,1
81.75,33.0,49101.67,188.56,Male,0
49.21,29.0,69718.19,200.71,Female,0
54.08,36.0,32549.95,115.26,Male,0
51.87,29.0,58235.21,216.49,Male,0
61.22,45.0,59886.58,110.66,Male,1
49.42,45.0,69428.73,252.36,Female,0
41.73,28.0,61840.26,199.39,Male,0
75.42,30.0,70492.6,140.15,Male,1
83.97,31.0,59886.58,144.77,Male,1
76.06,31.0,61840.26,207.17,Male,0
59.22,40.0,44248.52,117.3,Male,0
61.09,25.0,63430.33,176.98,Female,0
60.53,26.0,63363.04,131.68,Female,0
51.24,24.0,57545.56,182.2,Female,0
39.3,29.0,53431.35,141.34,Female,1
56.16,29.0,56782.18,153.76,Female,1
55.6,35.0,73889.99,236.87,Female,0
83.71,42.0,59243.46,129.8,Male,1
59.88,31.0,59886.58,131.29,Male,0
55.6,35.0,73889.99,182.2,Female,0
35.61,27.0,47575.44,214.42,Female,0
39.94,36.0,29398.61,255.61,Female,0
80.3,49.0,68448.94,195.69,Male,1
80.51,44.0,57868.44,137.24,Female,1
71.33,35.0,49995.63,236.87,Female,1
75.03,44.0,56637.59,172.81,Female,1
61.22,31.0,57739.03,240.64,Male,0
47.74,40.0,73882.91,221.98,Male,0
55.6,32.0,55424.24,172.83,Female,0
65.4,29.0,69646.35,200.71,Female,0
60.23,48.0,52736.33,201.15,Male,1
57.2,36.0,50628.31,140.15,Female,1
56.3,31.0,47968.32,207.17,Female,1
79.91,26.0,68030.18,154.74,Male,0
55.6,35.0,66187.58,236.87,Female,1
72.23,30.0,50671.6,244.91,Male,0
51.24,36.0,59240.24,140.46,Female,1
51.56,27.0,74903.41,135.31,Male,1
61.22,25.0,50506.44,254.57,Male,0
78.7,51.0,39616.0,230.93,Female,1
59.51,30.0,70492.6,201.26,Male,0
60.23,51.0,57868.44,111.94,Male,1
80.3,49.0,45632.51,113.8,Female,1
40.17,26.0,62669.59,165.52,Male,0
43.49,37.0,53058.91,217.37,Female,0
68.88,23.0,25739.09,172.81,Male,1
72.23,40.0,75769.82,176.98,Female,1
36.08,45.0,74903.41,174.88,Female,0
63.26,42.0,58151.87,188.56,Male,0
55.55,39.0,54755.71,194.37,Male,1
78.84,35.0,73889.99,221.18,Male,0
46.61,50.0,43974.49,123.13,Female,1
54.47,24.0,55424.24,182.2,Male,0
68.01,33.0,74535.94,120.75,Female,0
86.06,32.0,69481.85,178.92,Male,0
81.58,30.0,33293.78,228.81,Female,1
56.39,46.0,48867.36,153.69,Female,0
40.04,23.0,60514.05,222.87,Female,1
62.06,40.0,40468.53,117.3,Female,1
69.88,19.0,34191.23,168.34,Male,0
51.87,40.0,56194.56,167.22,Female,0
59.51,29.0,51868.85,153.76,Female,1
67.85,37.0,56729.78,258.62,Male,1
63.45,31.0,61840.26,207.17,Male,0
51.87,60.0,54286.1,130.86,Female,1
33.33,25.0,50506.44,241.03,Male,0
46.61,45.0,67575.12,174.88,Female,1
55.6,24.0,70505.06,178.92,Male,0
34.78,36.0,50628.31,141.52,Male,0
46.61,34.0,57868.44,107.56,Female,1
66.12,37.0,67132.46,181.02,Female,0
43.49,37.0,67132.46,158.56,Female,1
40.04,23.0,50723.67,172.81,Female,0
65.59,39.0,48335.2,124.44,Female,1
55.6,24.0,52252.91,182.2,Female,0
34.78,36.0,70592.81,140.46,Female,0
59.51,30.0,58677.69,219.94,Female,0
89.05,50.0,57868.44,123.13,Female,1
73.21,43.0,73538.09,198.45,Male,1
80.53,31.0,59886.58,207.17,Male,0
82.07,43.0,52563.22,121.28,Female,1
59.05,43.0,73538.09,167.86,Male,1
35.61,29.0,56113.37,208.05,Female,0
78.84,35.0,73889.99,236.87,Female,0
41.73,28.0,32252.38,195.69,Male,0
80.3,49.0,45632.51,113.8,Female,1
44.4,53.0,57877.15,111.94,Male,1
41.73,28.0,55121.65,217.37,Female,0
48.86,54.0,47997.75,161.16,Female,1
56.39,46.0,33951.63,229.12,Male,1
55.6,39.0,48335.2,140.46,Female,0
47.48,29.0,69646.35,216.49,Female,0
44.4,53.0,57877.15,201.58,Male,1
75.55,25.0,55121.65,140.46,Female,0
36.73,23.0,25739.09,172.81,Female,1
43.49,28.0,39031.89,124.34,Male,1
65.59,28.0,73207.15,258.62,Female,1
52.84,42.0,60514.05,199.43,Male,1
81.58,25.0,50671.6,241.03,Male,0
43.49,27.0,42993.48,168.92,Male,0
55.6,35.0,42993.48,221.18,Male,0
40.42,45.0,31092.93,138.71,Male,1
41.73,28.0,61840.26,149.79,Male,1
71.84,39.0,38067.08,124.44,Female,1
83.71,42.0,57868.44,243.61,Male,1
34.78,36.0,76003.47,131.55,Male,1
71.33,32.0,55424.24,178.92,Male,0
52.13,31.0,59886.58,141.89,Male,0
61.22,45.0,60315.19,119.03,Male,0
59.51,40.0,40468.53,140.46,Female,1
66.08,52.0,64021.55,229.12,Female,1
74.61,41.0,55121.65,126.39,Male,1
56.34,40.0,66873.9,192.93,Male,0
55.6,35.0,54429.17,236.87,Female,0
40.47,35.0,25603.93,236.87,Female,0
80.3,37.0,56683.32,195.69,Male,0
75.42,29.0,50055.33,198.56,Male,0
41.16,30.0,57877.15,113.69,Male,0
43.49,39.0,74623.27,111.59,Male,1
70.92,31.0,27262.51,217.37,Female,1
82.07,48.0,65956.71,123.13,Female,1
80.51,48.0,70053.27,201.15,Male,1
59.51,60.0,40468.53,218.61,Female,1
54.88,52.0,45632.51,186.37,Female,1
73.1,26.0,53336.76,131.68,Female,0
56.39,29.0,73910.9,231.95,Male,1
56.16,30.0,42696.67,244.91,Male,0
80.46,26.0,60315.19,228.78,Male,0
76.2,33.0,61005.87,162.03,Female,0
50.33,28.0,53058.91,124.44,Female,0
59.22,49.0,39031.89,195.69,Male,1
72.8,38.0,72203.96,196.61,Male,0
56.16,33.0,56782.18,196.77,Female,1
73.72,32.0,69481.85,178.92,Male,0
59.05,50.0,43974.49,123.13,Female,1
84.73,26.0,66291.67,131.68,Male,1
84.98,32.0,31265.75,178.92,Male,0
86.06,32.0,55424.24,178.92,Male,0
63.26,42.0,34418.09,211.38,Male,0
64.75,36.0,61610.05,124.44,Female,1
87.35,28.0,55121.65,207.17,Female,0
65.56,46.0,58966.22,253.48,Male,0
80.31,42.0,43241.19,238.58,Female,1
80.51,22.0,46868.53,121.07,Male,0
44.33,36.0,76003.47,140.46,Female,1
40.04,34.0,59785.94,203.44,Female,1
59.59,43.0,60575.99,198.45,Male,1
59.51,29.0,69646.35,200.71,Female,0
66.08,33.0,55642.32,120.75,Male,0
55.6,39.0,38067.08,124.44,Female,0
40.04,28.0,61840.26,217.37,Male,0
80.3,49.0,39031.89,195.69,Male,1
62.26,32.0,55424.24,172.83,Female,0
39.96,25.0,50671.6,241.03,Male,0
38.37,36.0,70592.81,140.46,Female,0
71.84,39.0,48335.2,140.46,Male,1
55.6,39.0,75044.35,204.79,Female,0
60.23,43.0,32635.7,198.45,Male,1
51.24,30.0,56735.83,138.68,Female,0
36.08,26.0,74903.41,228.78,Male,0
66.12,49.0,45632.51,113.8,Female,1
82.07,43.0,32635.7,198.45,Male,1
82.07,48.0,65956.71,212.38,Female,1
67.8,25.0,50671.6,241.03,Male,0
80.47,38.0,57868.44,122.04,Male,1
44.4,30.0,74535.94,219.94,Female,0
60.23,43.0,73538.09,167.86,Male,1
55.6,39.0,65953.76,154.74,Male,1
41.73,28.0,71222.4,207.17,Female,0
83.97,41.0,57846.68,227.63,Male,0
45.08,27.0,64045.93,193.29,Female,0
44.78,35.0,50723.67,120.63,Female,1
78.84,35.0,25603.93,236.87,Female,0
61.22,45.0,59610.81,119.03,Male,1
82.87,42.0,57868.44,158.35,Male,1
71.84,31.0,56180.93,131.29,Female,0
77.22,31.0,75044.35,207.17,Female,0
43.49,27.0,38817.4,131.29,Male,0
51.24,36.0,59240.24,222.25,Female,0
42.04,49.0,45632.51,113.8,Female,1
49.21,30.0,54324.73,174.88,Female,1
59.22,40.0,40468.53,140.46,Female,1
42.04,37.0,59448.44,158.56,Female,1
82.07,48.0,65956.71,212.38,Female,1
80.47,49.0,64564.07,187.76,Male,1
66.08,33.0,46868.53,113.12,Male,0
82.07,21.0,52563.22,176.98,Female,1
56.64,35.0,57846.68,244.23,Female,1
56.39,46.0,40468.53,253.48,Female,0
36.08,26.0,51463.17,131.68,Female,0
54.88,29.0,69646.35,200.71,Female,0
40.17,26.0,50628.31,143.79,Male,0
46.61,45.0,27241.11,184.23,Female,1
43.6,39.0,75044.35,236.87,Female,0
60.23,43.0,55642.32,157.04,Male,1
76.64,31.0,56180.93,207.17,Female,0
41.73,31.0,59886.58,207.17,Male,0
55.6,24.0,50055.33,109.07,Male,0
61.04,26.0,70203.74,180.47,Female,0
80.51,48.0,65956.71,225.02,Male,1
49.21,29.0,69718.19,140.67,Female,1
59.22,40.0,56113.37,167.22,Female,0
39.3,27.0,36884.23,131.29,Female,1
40.04,38.0,71455.62,146.8,Female,1
57.99,49.0,45632.51,168.34,Female,1
74.54,34.0,59785.94,203.44,Female,1
79.81,34.0,59785.94,160.03,Female,0
47.74,40.0,50628.31,221.98,Male,1
81.75,33.0,77988.71,215.18,Male,0
40.04,34.0,59785.94,160.03,Female,1
61.22,45.0,59886.58,174.88,Female,0
66.0,36.0,70592.81,115.26,Male,0
56.16,33.0,51510.18,120.06,Female,1
47.74,51.0,57868.44,111.94,Male,1
80.51,55.0,57014.84,187.76,Female,1
82.07,49.0,64564.07,227.63,Female,1
60.23,44.0,73538.09,139.34,Male,0
69.62,34.0,34191.23,160.03,Male,0
51.3,44.0,50723.67,187.76,Female,1
59.59,21.0,41521.28,139.34,Male,0
42.04,37.0,67132.46,181.02,Female,0
83.4,34.0,59785.94,160.03,Female,0
49.42,25.0,50506.44,241.03,Female,0
40.01,25.0,50506.44,228.78,Female,0
63.45,39.0,34942.26,165.52,Male,0
56.39,46.0,40468.53,120.06,Female,1
66.08,34.0,40183.75,160.03,Male,0
68.68,42.0,60637.62,190.12,Male,1
80.47,25.0,25686.34,240.09,Male,0
81.75,29.0,69646.35,198.5,Male,0
82.07,49.0,64564.07,187.76,Male,1
55.6,39.0,19991.72,230.52,Female,1
41.73,31.0,61840.26,207.17,Male,1
56.39,46.0,66504.16,231.95,Male,1
64.75,27.0,64021.55,239.32,Female,1
55.6,24.0,52252.91,182.2,Female,0
73.89,31.0,39799.73,212.87,Female,0
40.04,23.0,25739.09,222.87,Female,0
38.37,54.0,53188.69,240.63,Female,1
71.84,42.0,57868.44,120.75,Male,1
34.78,30.0,67186.54,244.91,Male,0
68.01,33.0,56782.18,123.13,Female,1
37.0,30.0,70492.6,113.69,Male,1
51.24,39.0,66412.04,255.61,Female,0
48.03,40.0,62669.59,221.98,Male,1
65.56,52.0,58966.22,130.86,Female,1
44.78,26.0,56694.12,190.17,Female,1
87.35,42.0,55121.65,236.87,Female,1
80.31,23.0,55121.65,172.81,Female,0
40.47,40.0,56113.37,140.46,Female,0
67.35,25.0,50506.44,204.79,Male,0
42.04,37.0,23936.86,214.42,Female,0
75.55,32.0,55424.24,172.83,Female,0
62.26,32.0,57691.95,178.92,Male,0
65.59,39.0,37334.78,221.79,Male,0
36.73,28.0,71222.4,217.37,Female,0
54.47,35.0,73889.99,226.54,Male,0
43.49,37.0,75180.2,131.76,Male,0
71.84,39.0,38067.08,124.44,Female,0
89.05,44.0,60192.72,109.07,Male,1
51.24,31.0,59886.58,219.55,Female,0
59.51,32.0,55424.24,172.83,Female,0
79.81,34.0,40183.75,168.34,Male,0
79.54,25.0,50506.44,241.03,Male,0
66.08,33.0,39616.0,130.86,Male,1
78.84,32.0,55424.24,178.92,Male,1
71.84,54.0,53188.69,161.16,Male,1
79.97,35.0,25603.93,236.87,Female,1
67.85,28.0,61840.26,120.49,Male,0
34.3,34.0,60637.62,140.67,Male,1
88.04,49.0,70005.51,187.76,Female,0
65.77,41.0,57846.68,137.24,Female,1
80.3,49.0,39031.89,195.69,Male,1
41.73,42.0,59243.46,143.13,Male,1
84.73,26.0,52968.22,129.88,Male,1
54.39,34.0,59785.94,160.03,Female,1
68.18,31.0,59886.58,140.46,Female,0
75.03,34.0,34191.23,196.77,Female,1
65.77,34.0,34191.23,168.34,Male,1
40.04,34.0,20592.99,160.03,Female,0
55.6,39.0,42993.48,115.26,Male,0
34.3,34.0,34191.23,168.34,Male,0
59.22,30.0,53188.69,244.91,Male,0
40.04,23.0,40135.06,222.87,Female,1
55.6,54.0,48867.36,182.2,Female,1
43.49,19.0,23936.86,151.93,Male,1
79.6,31.0,56180.93,207.17,Female,0
80.03,42.0,57868.44,243.61,Female,1
69.17,45.0,31092.93,137.24,Male,1
46.2,42.0,60514.05,238.58,Female,1
35.33,29.0,56113.37,200.71,Female,0
53.68,29.0,53431.35,217.1,Male,1
40.47,35.0,36884.23,221.18,Male,0
64.38,23.0,55121.65,223.93,Male,0
36.56,29.0,53431.35,129.33,Female,1
41.73,33.0,52530.1,216.01,Male,1
78.84,32.0,55424.24,117.35,Female,1
65.59,39.0,48335.2,124.44,Female,1
67.56,39.0,71455.62,138.87,Female,1
82.07,22.0,67058.72,121.07,Female,0
71.28,54.0,53188.69,214.33,Male,1
57.24,43.0,73538.09,198.45,Male,1
46.61,43.0,57868.44,163.48,Female,1
89.34,27.0,56180.93,239.32,Female,0
40.04,43.0,52563.22,157.04,Female,1
47.74,33.0,44174.25,227.37,Male,0
40.04,28.0,52011.0,217.37,Female,0
79.54,41.0,50628.31,126.39,Male,1
67.76,26.0,53647.81,122.31,Female,0
65.56,30.0,33293.78,113.69,Female,1
54.39,34.0,40183.75,168.34,Male,0
56.39,40.0,40468.53,140.46,Female,0
34.86,36.0,50628.31,109.07,Male,1
89.05,43.0,74535.94,184.23,Female,1
89.34,29.0,49850.52,115.6,Female,1
60.23,29.0,51868.85,153.76,Female,1
69.62,34.0,34191.23,160.03,Male,1
55.6,39.0,49850.52,162.44,Female,0
53.92,28.0,49282.87,120.49,Male,0
49.21,53.0,54324.73,168.41,Female,1
66.08,33.0,55642.32,191.82,Male,1
52.67,31.0,61840.26,207.17,Male,0
55.6,24.0,52252.91,178.92,Male,0
55.92,34.0,59785.94,160.03,Female,1
41.73,28.0,27508.41,120.49,Male,0
86.06,32.0,55424.24,172.83,Female,0
79.97,32.0,60283.98,118.27,Female,1
78.41,42.0,57868.44,243.61,Male,1
69.62,23.0,61617.98,172.81,Male,0
69.62,34.0,59785.94,160.03,Male,0
60.72,23.0,56725.47,217.37,Male,1
59.51,40.0,62669.59,212.3,Female,1
79.52,41.0,50628.31,126.39,Male,1
37.0,30.0,57877.15,113.69,Male,1
80.47,48.0,70053.27,212.38,Male,1
41.73,28.0,61840.26,207.17,Male,0
65.65,40.0,69718.19,167.22,Female,0
71.84,54.0,56180.93,161.16,Female,1
42.39,41.0,57846.68,234.26,Male,1
48.86,35.0,39840.55,236.87,Female,0
65.59,37.0,37334.78,109.29,Male,0
43.59,40.0,57260.41,120.06,Female,1
55.6,24.0,52252.91,182.2,Female,0
55.6,39.0,53012.94,137.63,Male,1
72.88,31.0,59886.58,207.17,Female,1
81.58,25.0,63430.33,227.73,Male,0
85.84,25.0,63430.33,105.86,Male,0
44.72,38.0,48098.86,122.04,Male,0
84.98,40.0,73882.91,229.22,Male,0
54.88,22.0,31215.88,176.98,Female,0
75.42,30.0,57877.15,111.94,Male,0
51.56,46.0,66504.16,130.86,Female,1
89.05,34.0,40183.75,160.03,Male,0
75.55,32.0,55424.24,172.83,Male,0
84.98,32.0,57691.95,178.92,Male,0
52.84,28.0,71222.4,217.37,Female,0
55.6,24.0,52252.91,182.2,Female,1
59.05,50.0,43974.49,123.13,Female,1
81.75,33.0,62060.11,196.77,Female,0
55.6,29.0,57545.56,200.71,Female,0
69.62,42.0,60514.05,199.43,Male,1
54.88,46.0,77988.71,125.27,Female,0
38.37,32.0,69481.85,172.83,Female,0
89.05,51.0,58342.63,111.94,Male,1
82.07,55.0,57868.44,187.76,Female,1
80.47,33.0,49101.67,120.75,Male,1
59.51,30.0,57877.15,172.83,Female,0
76.2,34.0,59785.94,243.61,Male,0
62.26,28.0,59457.52,187.76,Male,0
44.46,33.0,58966.22,133.2,Male,0
36.08,45.0,64802.33,138.71,Male,1
64.75,36.0,38067.08,124.44,Female,1
73.72,36.0,50628.31,109.07,Male,1
80.3,49.0,45632.51,113.8,Female,1
41.73,31.0,61840.26,207.17,Male,0
80.31,31.0,56180.93,207.17,Female,0
80.99,45.0,59886.58,124.67,Female,1
69.88,34.0,34191.23,160.03,Male,1
75.71,43.0,60575.99,198.45,Male,1
64.75,31.0,56180.93,207.17,Female,0
81.58,45.0,59610.81,137.24,Male,1
36.08,45.0,66263.37,236.87,Female,0
80.3,60.0,59448.44,209.93,Female,1
41.73,28.0,71222.4,172.81,Female,1
74.54,41.0,50628.31,187.76,Male,1
82.07,22.0,61009.1,131.68,Female,0
80.31,28.0,71222.4,217.37,Female,0
60.23,55.0,66291.67,158.42,Male,1
59.51,40.0,31265.75,244.91,Male,0
46.61,21.0,57014.84,158.42,Female,1
82.07,48.0,52736.33,187.76,Male,1
46.61,41.0,48335.2,137.24,Female,1
71.28,54.0,37908.29,182.2,Female,1
44.78,26.0,56694.12,131.68,Female,1
60.23,33.0,53431.35,163.48,Male,1
55.6,36.0,32549.95,141.52,Female,1
41.89,35.0,73889.99,128.0,Male,0
51.56,27.0,69646.35,193.29,Female,0
51.24,36.0,76003.47,109.07,Male,1
79.52,45.0,59610.81,137.24,Male,1
40.47,35.0,70012.83,158.29,Female,0
55.6,24.0,52252.91,167.22,Female,1
43.49,37.0,23936.86,181.02,Male,0
59.05,34.0,51171.23,187.09,Male,0
40.47,35.0,25603.93,236.87,Female,0
60.7,27.0,69646.35,178.35,Female,0
71.03,28.0,53058.91,230.52,Female,1
57.86,40.0,57260.41,229.12,Female,1
49.21,30.0,74535.94,140.46,Female,0
78.51,40.0,38067.08,221.98,Male,0
78.53,51.0,57868.44,123.13,Female,1
45.01,45.0,59610.81,212.67,Female,0
80.3,60.0,58966.22,186.37,Male,1
55.6,36.0,59240.24,124.44,Female,0
56.64,38.0,53922.43,147.92,Male,1
88.12,49.0,64564.07,187.76,Female,1
59.22,49.0,56729.78,195.69,Male,1
89.05,44.0,57868.44,140.95,Male,1
39.96,26.0,74903.41,228.78,Male,0
65.59,39.0,65953.76,144.27,Male,0
54.39,34.0,34191.23,160.03,Male,1
66.08,46.0,58966.22,191.82,Male,0
39.96,25.0,50506.44,140.46,Female,0
74.54,45.0,50723.67,174.88,Female,1
68.01,33.0,56782.18,123.13,Female,1
51.24,36.0,59240.24,140.46,Female,0
38.37,32.0,70505.06,219.94,Female,1
67.56,36.0,32549.95,115.26,Male,1
37.68,34.0,34191.23,114.53,Male,1
59.51,40.0,66574.0,232.78,Male,0
42.04,49.0,39031.89,195.69,Female,1
75.55,24.0,52252.91,182.2,Female,0
36.37,40.0,60968.62,198.45,Male,1
39.96,45.0,59610.81,138.71,Male,0
70.96,41.0,49850.52,167.22,Female,0
74.65,31.0,56180.93,204.79,Female,0
55.6,36.0,57983.3,115.26,Male,1
40.04,34.0,59785.94,219.69,Female,1
37.45,39.0,32549.95,115.26,Female,1
35.49,39.0,38067.08,124.44,Female,0
82.07,33.0,74535.94,162.03,Female,0
81.75,52.0,33951.63,230.95,Male,0
59.05,48.0,52736.33,148.61,Male,1
52.84,45.0,66291.67,137.24,Female,1
59.05,55.0,62784.85,187.76,Female,1
69.88,19.0,59785.94,113.53,Female,0
47.48,27.0,66815.54,120.75,Female,0
71.84,24.0,50055.33,152.94,Male,1
65.59,39.0,23936.86,212.87,Male,0
55.6,35.0,73889.99,226.54,Male,0
88.04,41.0,57846.68,126.39,Female,1
86.06,32.0,55424.24,178.92,Male,0
60.53,34.0,59785.94,203.44,Female,1
62.26,35.0,54429.17,226.54,Male,1
73.72,37.0,56681.65,161.16,Male,1
59.59,43.0,73538.09,167.86,Male,1
55.6,54.0,42993.48,161.16,Male,1
89.05,44.0,48246.6,227.63,Female,1
69.62,23.0,61617.98,211.38,Male,1
61.09,26.0,70203.74,259.76,Female,0
55.6,24.0,52252.91,182.2,Female,0
38.37,36.0,59240.24,140.46,Female,0
56.39,29.0,69646.35,105.22,Female,0
33.33,45.0,59886.58,137.24,Male,1
84.73,26.0,56782.18,190.17,Female,1
39.3,31.0,39799.73,207.17,Female,0
61.22,25.0,50506.44,176.28,Female,0
66.08,21.0,41521.28,139.34,Male,0
38.37,36.0,29398.61,222.25,Female,1
78.84,36.0,66269.49,176.7,Female,0
83.71,44.0,59886.58,199.79,Male,0
55.6,39.0,32549.95,115.26,Male,1
88.04,42.0,58953.01,236.87,Female,1
56.39,54.0,48867.36,136.64,Female,1
46.61,41.0,48335.2,146.13,Female,1
51.24,54.0,53188.69,182.2,Female,1
82.07,22.0,73941.91,133.2,Female,0
74.06,34.0,40183.75,168.34,Male,0
44.46,33.0,43974.49,159.77,Female,1
42.04,24.0,53431.35,158.56,Male,1
55.6,35.0,53898.89,221.18,Male,1
55.6,35.0,73889.99,236.87,Female,0
69.15,27.0,14548.06,239.32,Female,0
37.0,30.0,57877.15,244.91,Male,0
66.08,52.0,49101.67,229.12,Female,1
51.87,60.0,51067.54,218.61,Male,1
51.87,37.0,39031.89,218.61,Male,1
82.07,33.0,77988.71,162.03,Female,0
80.31,31.0,59886.58,226.54,Male,0
48.86,35.0,53898.89,209.91,Male,1
81.22,41.0,57846.68,126.39,Female,1
65.77,41.0,64828.0,228.78,Male,0
82.07,49.0,57868.44,187.76,Male,1
66.18,28.0,59144.02,236.87,Female,1
43.6,35.0,54875.95,236.87,Female,1
44.46,33.0,43974.49,196.77,Female,1
81.75,33.0,63430.33,215.18,Male,0
80.3,37.0,67132.46,158.56,Female,0
44.33,31.0,44275.13,139.01,Female,1
60.23,50.0,74543.81,122.31,Female,1
65.77,23.0,61617.98,172.81,Male,0
42.04,37.0,23936.86,217.37,Female,1
40.47,35.0,25603.93,236.87,Female,1
82.07,38.0,50723.67,231.37,Female,1
55.6,54.0,58677.69,161.16,Female,1
46.61,45.0,31092.93,234.26,Male,1
82.07,38.0,62657.53,212.38,Female,1
71.33,36.0,38067.08,141.52,Female,1
62.26,32.0,70505.06,182.2,Female,0
40.17,26.0,74903.41,149.79,Male,1
80.99,26.0,68030.18,150.83,Male,0
68.18,28.0,48335.2,230.52,Female,1
78.64,39.0,57983.3,165.52,Male,0
60.23,50.0,43974.49,123.13,Female,1
43.49,37.0,61172.07,181.02,Male,0
70.44,38.0,71455.62,218.97,Female,1
71.33,39.0,38067.08,128.62,Female,0
61.22,36.0,41521.28,115.26,Male,0
82.07,22.0,67058.72,121.07,Female,0
46.61,43.0,60575.99,184.23,Female,1
55.6,32.0,55424.24,172.83,Male,0
64.75,31.0,56180.93,207.17,Female,0
68.18,28.0,71222.4,180.88,Female,0
80.51,25.0,50506.44,140.46,Female,0
88.12,45.0,74903.41,174.88,Female,1
48.03,40.0,66815.54,117.3,Male,1
81.75,34.0,20592.99,160.03,Female,0
81.98,50.0,43974.49,123.13,Female,1
65.59,39.0,65953.76,221.79,Male,0
40.47,39.0,42993.48,221.18,Male,0
70.03,31.0,56180.93,207.17,Female,0
80.3,52.0,73049.3,195.69,Male,1
66.12,49.0,45632.51,168.34,Female,1
47.64,28.0,67669.06,217.37,Female,0
46.61,23.0,25739.09,236.87,Female,1
59.51,60.0,68448.94,153.76,Female,1
39.96,45.0,59610.81,138.71,Male,1
51.38,27.0,36884.23,184.94,Male,0
43.49,37.0,67132.46,181.02,Female,1
40.04,28.0,71222.4,217.37,Female,0
47.74,33.0,58966.22,191.82,Male,0
80.3,23.0,53058.91,217.37,Female,0
81.22,41.0,70449.04,219.94,Female,0
54.37,35.0,56113.37,131.29,Male,0
54.88,50.0,65704.79,122.31,Female,0
65.07,43.0,40183.75,190.12,Male,1
39.36,42.0,60514.05,238.58,Female,1
60.53,51.0,41547.62,178.92,Male,0
86.06,30.0,50671.6,113.69,Male,1
78.7,46.0,33951.63,221.98,Male,1
66.08,52.0,33951.63,186.37,Male,1
88.04,38.0,50723.67,206.98,Female,1
69.77,35.0,66541.05,226.54,Male,0
59.22,28.0,70324.8,244.91,Female,0
56.39,46.0,54286.1,229.12,Female,1
73.1,26.0,51463.17,259.76,Female,0
82.07,43.0,57868.44,167.86,Male,1
41.73,23.0,61617.98,172.81,Male,0
65.65,40.0,70889.68,166.86,Female,0
40.04,28.0,53058.91,217.37,Female,0
88.04,41.0,64828.0,126.39,Male,1
39.3,29.0,61172.07,158.56,Female,1
46.61,42.0,43241.19,143.13,Female,1
78.79,36.0,50628.31,115.26,Male,0
47.48,27.0,66815.54,239.32,Female,0
59.51,40.0,54286.1,167.22,Female,0
35.61,32.0,55424.24,172.83,Female,1
84.98,29.0,72203.96,216.49,Male,0
74.54,45.0,67575.12,174.88,Female,1
87.97,31.0,59886.58,174.88,Male,1
51.87,19.0,51067.54,139.32,Female,0
41.73,42.0,63497.62,129.8,Male,1
40.47,27.0,36884.23,132.55,Female,0
88.04,41.0,64828.0,236.87,Female,1
55.6,30.0,57877.15,172.83,Female,0
44.64,40.0,38067.08,140.46,Female,1
83.71,44.0,57868.44,137.24,Female,1
51.87,28.0,67669.06,207.17,Male,0
54.88,29.0,69646.35,200.71,Female,0
50.18,41.0,57846.68,126.39,Male,0
68.01,46.0,68016.9,229.22,Male,0
82.07,22.0,31215.88,121.07,Female,0
70.03,31.0,52178.98,240.64,Male,0
88.04,50.0,43974.49,123.13,Female,1
83.71,38.0,57868.44,130.83,Male,1
40.01,44.0,57846.68,241.03,Female,1
39.3,29.0,53431.35,158.56,Female,1
66.4,23.0,59243.46,211.38,Male,1
80.31,28.0,61840.26,221.94,Male,0
86.06,32.0,69481.85,178.92,Male,0
66.12,28.0,53058.91,217.37,Female,0
82.07,43.0,55002.05,122.31,Female,1
46.61,41.0,64828.0,120.63,Female,1
50.08,46.0,54952.42,231.95,Male,1
39.3,29.0,61172.07,126.97,Female,1
71.84,29.0,61172.07,196.17,Female,0
59.22,31.0,47997.75,207.17,Female,1
71.28,29.0,53431.35,120.06,Female,1
44.33,39.0,48335.2,124.44,Female,1
80.31,28.0,64828.0,207.17,Male,0
60.72,28.0,61172.07,172.81,Female,0
39.96,25.0,50506.44,202.18,Female,0
56.16,30.0,40182.84,140.46,Female,0
80.3,52.0,33951.63,117.75,Male,1
82.79,35.0,39840.55,236.87,Female,1
51.24,36.0,59240.24,140.46,Female,1
41.73,34.0,40763.13,160.03,Male,1
42.04,37.0,53058.91,183.42,Female,1
59.05,50.0,43974.49,123.13,Female,1
70.29,24.0,50055.33,221.21,Male,1
76.2,34.0,59785.94,168.34,Male,1
52.68,31.0,52178.98,240.64,Male,0
40.47,35.0,54429.17,236.87,Female,0
76.58,33.0,44174.25,120.75,Male,0
65.59,39.0,38067.08,110.68,Male,1
51.24,36.0,61610.05,140.46,Female,0
55.6,35.0,25603.93,236.87,Female,0
82.07,41.0,51510.18,137.24,Female,1
46.61,21.0,43974.49,176.98,Female,1
54.08,36.0,50628.31,115.26,Male,0
59.51,40.0,69718.19,122.59,Female,0
36.31,28.0,71222.4,180.88,Female,0
59.59,34.0,59785.94,160.03,Male,0
44.78,38.0,57868.44,187.76,Male,1
71.33,39.0,59144.02,160.03,Female,1
65.65,30.0,58677.69,122.59,Female,0
36.08,35.0,54324.73,167.42,Female,0
61.22,31.0,56180.93,129.01,Female,0
84.73,53.0,50671.6,174.88,Male,1
66.08,46.0,33951.63,253.48,Female,0
82.07,51.0,57868.44,130.41,Female,1
49.21,33.0,74535.94,120.75,Female,1
68.61,60.0,39031.89,195.69,Male,1
44.72,38.0,62792.43,122.04,Male,0
76.56,34.0,34191.23,165.65,Male,0
60.53,33.0,68094.85,162.03,Female,0
87.35,42.0,55121.65,236.87,Female,0
43.84,36.0,50628.31,133.9,Male,1
66.08,21.0,57014.84,157.04,Female,0
41.73,28.0,61840.26,217.37,Male,0
67.69,40.0,53898.89,130.86,Male,1
42.04,37.0,74623.27,216.49,Female,0
49.21,29.0,60953.93,200.71,Female,1
55.6,35.0,42993.48,236.87,Female,1
56.16,40.0,62669.59,111.94,Male,1
73.1,26.0,66524.8,194.62,Female,0
53.68,29.0,69646.35,198.5,Male,0
36.56,29.0,68357.96,153.76,Female,1
89.05,38.0,50723.67,130.41,Female,0
62.26,32.0,55424.24,178.92,Male,0
83.97,41.0,50628.31,158.42,Female,1
76.87,34.0,38067.08,168.34,Female,1
44.4,53.0,37345.34,182.2,Male,1
76.58,29.0,69646.35,120.06,Female,0
63.26,34.0,20592.99,126.95,Male,0
88.04,38.0,57868.44,154.75,Female,1
79.54,45.0,31092.93,137.24,Male,1
55.6,39.0,65773.49,124.44,Female,0
52.84,26.0,46033.73,186.98,Male,0
42.04,49.0,45632.51,168.34,Female,1
43.6,35.0,51119.93,109.07,Male,1
65.77,23.0,59243.46,143.13,Male,1
42.04,37.0,23936.86,181.02,Female,1
81.98,22.0,50335.46,139.02,Male,0
40.04,34.0,34191.23,160.03,Female,1
49.21,30.0,58677.69,140.15,Female,1
59.05,22.0,63363.04,121.07,Female,0
47.53,36.0,76003.47,141.52,Male,1
80.3,28.0,53058.91,180.88,Female,0
44.4,32.0,69481.85,190.05,Female,1
80.99,26.0,44248.52,221.98,Male,0
56.16,30.0,57877.15,172.83,Female,0
50.19,36.0,18368.57,232.78,Male,0
75.42,26.0,51119.93,228.78,Male,1
41.73,28.0,71222.4,217.37,Female,1
56.39,46.0,54286.1,153.69,Female,0
66.08,52.0,33951.63,235.35,Female,0
80.51,45.0,70053.27,174.88,Female,1
71.84,39.0,48335.2,124.44,Female,1
89.05,42.0,59243.46,143.13,Male,1
80.31,31.0,39799.73,207.17,Female,0
39.96,45.0,59610.81,124.67,Female,1
73.72,36.0,76003.47,140.46,Female,1
54.43,39.0,48335.2,258.62,Female,1
78.79,36.0,73882.91,222.25,Male,0
84.98,40.0,31265.75,198.45,Male,1
75.55,26.0,53336.76,259.76,Female,0
76.58,44.0,73538.09,167.86,Male,0
62.42,29.0,73910.9,136.18,Male,1
85.54,41.0,64828.0,236.87,Female,0
51.24,36.0,59593.56,234.26,Male,0
80.3,37.0,75180.2,180.47,Female,0
66.18,28.0,71222.4,217.37,Female,0
40.47,52.0,33951.63,229.12,Male,1
61.22,45.0,60315.19,137.24,Male,1
89.05,42.0,57868.44,114.69,Male,1
74.15,29.0,69646.35,198.5,Male,0
82.07,22.0,31215.88,176.98,Female,1
80.47,49.0,64564.07,187.76,Male,1
59.59,22.0,52416.18,136.21,Female,0
55.6,39.0,35253.98,230.52,Female,1
40.47,35.0,25603.93,219.91,Female,0
84.29,28.0,71222.4,217.37,Female,0
56.39,46.0,40468.53,253.48,Female,0
46.61,40.0,62669.59,221.98,Male,1
80.47,48.0,57868.44,187.76,Male,1
65.65,36.0,59240.24,140.46,Female,0
65.77,42.0,59243.46,143.13,Male,1
51.3,38.0,51920.49,226.74,Female,0
65.77,23.0,25739.09,172.81,Female,1
80.3,37.0,53058.91,139.32,Female,0
39.85,41.0,59243.46,112.52,Male,0
44.15,42.0,57868.44,129.8,Male,1
80.3,49.0,39031.89,168.34,Female,1
39.96,45.0,59610.81,138.71,Male,1
70.61,45.0,31215.88,121.07,Female,0
61.09,25.0,63430.33,109.98,Male,0
51.24,36.0,61610.05,124.44,Female,1
89.0,44.0,57846.68,187.76,Male,1
80.67,26.0,51463.17,259.76,Female,0
66.12,39.0,53336.76,216.49,Female,0
79.54,44.0,33553.9,140.95,Male,0
43.49,37.0,66187.58,190.17,Female,1
55.6,39.0,52416.18,124.44,Female,1
49.21,30.0,54324.73,162.05,Female,0
59.05,43.0,73538.09,198.45,Male,1
41.73,25.0,50671.6,234.26,Male,0
76.81,28.0,56729.78,217.37,Male,0
80.99,26.0,53336.76,131.68,Male,0
55.6,39.0,37334.78,258.62,Female,1
78.79,36.0,32549.95,141.52,Male,0
41.73,31.0,61840.26,207.17,Male,0
58.95,36.0,32549.95,141.52,Male,1
75.71,50.0,55642.32,163.48,Male,1
59.51,32.0,56605.12,172.83,Female,0
80.3,49.0,43241.88,168.34,Female,1
88.04,41.0,57846.68,255.57,Male,0
79.44,52.0,73049.3,178.92,Male,0
65.56,46.0,60968.62,231.95,Male,1
59.51,32.0,33293.78,233.04,Female,1
54.39,38.0,71455.62,122.04,Female,1
80.3,60.0,51067.54,218.61,Male,1
47.64,29.0,64267.88,129.33,Female,1
59.51,30.0,58677.69,122.59,Female,0
74.54,41.0,55121.65,158.8,Female,0
34.3,23.0,25739.09,211.38,Male,1
73.89,42.0,60514.05,238.58,Female,1
71.84,32.0,57806.03,233.04,Female,1
53.14,40.0,73882.91,198.45,Male,0
42.04,19.0,45632.51,151.93,Female,1
65.77,42.0,60514.05,231.48,Male,0
40.04,34.0,40183.75,160.03,Female,0
61.84,26.0,35521.88,131.76,Male,0
83.71,44.0,64564.07,131.72,Male,1
82.07,22.0,63363.04,133.2,Female,0
82.07,51.0,53647.81,122.31,Female,0
51.24,54.0,62729.4,161.16,Female,1
41.73,42.0,43241.19,199.43,Female,1
39.96,26.0,35521.88,228.78,Male,0
51.87,46.0,33951.63,230.18,Male,0
51.24,36.0,29398.61,124.44,Female,1
55.6,35.0,42993.48,219.91,Female,0
41.89,35.0,56113.37,221.18,Male,0
69.62,34.0,59785.94,160.03,Male,1
51.24,30.0,50671.6,109.07,Male,0
73.72,52.0,64021.55,186.37,Male,1
78.84,35.0,25603.93,236.87,Female,0
38.37,36.0,29398.61,140.46,Female,1
65.59,39.0,53185.34,207.17,Male,0
59.51,30.0,58677.69,219.94,Female,0
39.96,26.0,56694.12,131.68,Female,0
43.49,37.0,58235.21,195.69,Male,0
80.3,49.0,45632.51,113.8,Female,1
41.73,28.0,61840.26,217.37,Male,0
80.3,28.0,71222.4,217.37,Female,0
89.71,29.0,53431.35,190.17,Female,1
44.78,41.0,57846.68,187.76,Male,0
81.22,41.0,57846.68,167.22,Female,0
55.6,35.0,39840.55,236.87,Female,1
72.53,51.0,74535.94,188.56,Female,1
79.91,36.0,52079.18,115.26,Male,0
83.67,44.0,64564.07,140.95,Male,1
72.8,33.0,19345.36,230.95,Female,0
61.22,25.0,50506.44,202.18,Female,0
59.51,40.0,73882.91,229.22,Male,0
69.62,34.0,34191.23,168.34,Male,0
60.23,43.0,55642.32,121.28,Female,1
59.51,30.0,57877.15,244.91,Male,1
51.24,36.0,76003.47,140.46,Female,1
42.04,39.0,54286.1,216.49,Female,1
54.43,39.0,56180.93,124.44,Female,0
49.96,34.0,59785.94,183.82,Male,1
55.6,39.0,23936.86,181.02,Female,1
82.07,48.0,62784.85,212.38,Male,1
51.56,29.0,56113.37,196.61,Female,1
59.59,34.0,34191.23,160.03,Female,0
61.84,52.0,43974.49,124.67,Female,1
55.6,35.0,42993.48,132.63,Male,0
79.52,43.0,73538.09,198.45,Male,1
44.33,31.0,27262.51,212.87,Female,1
78.84,35.0,19991.72,236.87,Female,0
43.49,37.0,50960.08,195.69,Male,0
81.58,41.0,50628.31,126.39,Female,1
53.92,39.0,61840.26,114.69,Male,0
53.92,31.0,52178.98,207.17,Male,0
42.04,27.0,38817.4,120.75,Female,0
83.71,44.0,33553.9,114.69,Male,0
55.6,24.0,52252.91,182.2,Female,0
79.54,26.0,66291.67,228.78,Male,1
81.75,60.0,58966.22,124.54,Female,1
33.33,45.0,74903.41,110.66,Male,1
88.12,35.0,67132.46,120.63,Female,0
77.14,33.0,39616.0,204.02,Male,0
79.54,26.0,35521.88,234.26,Male,1
60.23,43.0,27241.11,198.45,Male,1
83.67,44.0,57846.68,137.24,Female,1
80.3,49.0,45632.51,113.8,Female,1
42.04,37.0,23936.86,181.02,Female,0
62.42,40.0,27086.4,195.69,Male,1
81.22,41.0,57846.68,244.23,Female,1
59.88,31.0,56180.93,207.17,Female,0
80.46,24.0,64698.58,167.22,Female,0
48.86,35.0,25603.93,214.33,Female,0
54.88,33.0,66980.27,123.13,Female,1
60.53,38.0,70582.55,130.83,Male,1
64.75,36.0,38067.08,140.46,Female,0
40.04,34.0,40183.75,168.34,Female,0
66.12,37.0,63649.04,217.37,Male,1
73.38,29.0,61172.07,196.61,Female,0
89.0,40.0,73882.91,132.63,Male,0
75.42,29.0,69718.19,181.02,Female,0
80.3,37.0,23936.86,181.02,Female,1
80.67,26.0,74903.41,228.78,Male,0
69.62,34.0,59785.94,168.34,Male,0
83.71,38.0,57868.44,206.98,Male,1
55.6,24.0,52252.91,182.2,Female,0
81.75,33.0,61005.87,216.57,Male,0
60.23,43.0,73538.09,163.48,Female,1
59.88,41.0,55121.65,150.83,Male,0
82.7,25.0,50723.67,158.29,Male,0
41.73,42.0,63497.62,217.37,Male,1
55.6,37.0,23936.86,214.42,Female,1
59.51,40.0,72203.96,136.18,Male,0
37.87,33.0,41547.62,197.15,Male,0
40.47,29.0,56113.37,112.72,Female,0
80.51,48.0,70053.27,212.38,Male,1
61.22,45.0,59610.81,174.88,Female,1
36.56,52.0,33951.63,231.95,Male,1
60.23,43.0,31092.93,234.26,Male,1
36.08,45.0,74903.41,137.24,Male,1
60.23,44.0,44174.25,163.48,Female,1
51.87,29.0,53431.35,195.69,Male,1
42.32,34.0,40183.75,160.03,Female,0
65.56,40.0,62669.59,221.98,Male,1
39.36,31.0,61840.26,207.17,Male,0
36.56,29.0,69646.35,112.72,Female,0
79.54,44.0,25603.93,227.63,Female,1
82.07,43.0,52563.22,121.28,Female,1
88.04,41.0,64828.0,187.76,Female,1
66.26,31.0,59677.64,207.17,Male,0
50.63,35.0,19991.72,236.87,Female,1
82.07,22.0,54774.77,208.24,Female,0
43.49,27.0,36884.23,171.07,Male,0
43.49,37.0,23936.86,181.02,Male,1
43.49,37.0,51691.55,217.37,Female,1
80.31,28.0,61840.26,207.17,Male,0
50.19,36.0,32549.95,109.07,Male,0
53.92,39.0,54755.71,154.74,Male,1
89.05,41.0,50628.31,126.39,Male,1
80.31,31.0,27262.51,207.17,Female,0
75.55,32.0,55424.24,172.83,Male,0
70.61,31.0,59886.58,165.43,Male,0
57.99,49.0,39031.89,195.69,Male,1
54.08,36.0,50628.31,269.96,Male,0
54.43,39.0,23936.86,108.03,Female,1
81.58,26.0,63430.33,154.74,Male,0
42.04,37.0,53058.91,129.31,Female,0
36.08,45.0,67575.12,174.88,Female,1
55.6,32.0,55424.24,178.92,Male,0
41.89,31.0,55121.65,250.2,Female,0
80.31,45.0,32252.38,207.17,Female,0
55.6,54.0,54286.1,230.18,Female,1
52.84,42.0,57868.44,178.75,Male,1
51.24,36.0,54755.71,195.07,Male,1
56.34,40.0,62669.59,191.82,Male,1
60.39,31.0,59677.64,207.17,Male,0
71.84,39.0,48335.2,124.44,Female,1
88.12,38.0,39616.0,224.23,Male,1
52.68,35.0,54429.17,236.87,Female,1
34.78,36.0,59240.24,115.26,Male,0
60.23,44.0,65883.39,139.34,Male,0
44.4,30.0,58677.69,176.98,Female,1
49.21,46.0,54286.1,119.32,Female,0
41.73,23.0,52723.34,204.22,Male,0
59.22,28.0,53058.91,217.37,Female,0
78.36,43.0,73538.09,167.86,Male,1
68.11,26.0,35521.88,228.78,Male,0
41.73,28.0,70324.8,217.37,Female,0
74.54,41.0,57846.68,126.39,Female,1
55.6,35.0,73889.99,132.63,Male,0
43.49,28.0,67669.06,199.39,Male,0
40.04,23.0,61617.98,172.81,Male,0
59.05,43.0,73538.09,125.22,Male,1
74.59,42.0,60514.05,238.58,Female,1
79.52,41.0,50628.31,126.39,Male,1
60.53,38.0,68713.7,231.37,Male,0
89.05,49.0,64564.07,187.76,Male,1
75.15,32.0,53549.94,178.92,Male,0
86.63,23.0,58151.87,217.37,Female,0
57.24,33.0,39616.0,227.37,Male,0
82.07,38.0,57868.44,206.98,Male,1
43.49,37.0,44304.13,217.37,Female,1
41.73,31.0,56180.93,240.64,Male,0
41.73,34.0,59785.94,204.22,Female,1
39.96,25.0,50671.6,241.03,Male,0
60.23,29.0,51868.85,129.33,Female,1
59.51,30.0,57877.15,219.94,Female,0
40.04,23.0,46422.76,172.81,Female,0
37.45,31.0,61840.26,212.87,Male,0
55.6,37.0,58235.21,109.29,Male,0
82.07,43.0,51119.93,167.86,Male,1
90.97,24.0,52252.91,182.2,Female,0
62.26,29.0,49850.52,196.61,Female,0
56.16,30.0,58543.94,140.46,Female,1
55.6,35.0,73889.99,182.2,Male,0
80.31,31.0,27262.51,207.17,Female,0
79.54,38.0,50723.67,224.23,Female,1
52.68,32.0,55424.24,178.92,Male,0
80.3,49.0,39031.89,113.8,Female,1
84.29,31.0,56180.93,207.17,Female,0
55.6,35.0,73889.99,132.63,Male,0
51.3,38.0,70582.55,187.76,Male,1
61.22,31.0,59677.64,207.17,Male,0
55.6,39.0,65953.76,141.89,Male,0
55.6,24.0,52252.91,172.83,Male,0
62.42,29.0,69646.35,136.18,Male,0
42.04,37.0,67132.46,217.37,Female,0
55.6,39.0,37334.78,209.91,Male,1
42.04,27.0,36884.23,214.42,Male,0
88.12,49.0,64564.07,187.76,Male,1
56.39,29.0,69646.35,153.76,Female,1
82.7,45.0,31092.93,138.71,Male,1
88.04,38.0,57868.44,230.93,Female,1
45.08,27.0,56180.93,239.32,Female,0
41.89,35.0,25603.93,236.87,Female,0
65.59,37.0,75180.2,195.69,Male,0
43.49,37.0,23936.86,181.02,Female,0
81.22,41.0,57846.68,126.39,Female,1
52.68,32.0,70505.06,172.83,Female,0
88.12,26.0,62669.59,228.78,Male,0
81.58,41.0,59243.46,255.57,Male,0
82.07,22.0,31215.88,136.21,Female,0
55.6,35.0,59457.52,236.87,Female,0
60.53,26.0,53336.76,235.29,Male,0
56.16,29.0,72203.96,136.18,Male,0
54.55,28.0,67669.06,207.17,Female,0
44.4,35.0,61389.5,201.58,Female,0
80.3,49.0,39031.89,195.69,Male,1
65.77,34.0,34191.23,168.34,Male,1
68.01,33.0,39616.0,191.82,Male,0
55.6,32.0,70505.06,219.94,Female,1
75.74,26.0,53336.76,131.68,Female,0
40.04,34.0,20592.99,168.34,Male,0
42.04,49.0,45632.51,195.69,Female,1
79.97,26.0,56694.12,131.68,Female,1
39.96,26.0,60315.19,131.68,Male,0
40.47,46.0,54286.1,253.48,Female,0
74.65,28.0,67669.06,217.37,Female,0
79.54,25.0,50506.44,241.03,Male,0
81.75,33.0,73941.91,125.27,Female,0
84.73,53.0,69428.73,174.88,Female,1
39.96,45.0,59886.58,124.67,Female,1
55.6,54.0,53188.69,110.66,Male,1
67.71,49.0,45632.51,113.8,Female,1
82.07,22.0,31215.88,133.2,Female,0
55.6,24.0,55942.04,172.83,Male,0
43.49,27.0,74903.41,151.94,Male,0
82.07,22.0,63363.04,121.07,Female,0
66.18,19.0,20592.99,203.84,Male,0
80.3,49.0,39031.89,113.8,Female,1
38.37,24.0,52252.91,182.2,Female,1
65.07,34.0,57868.44,114.53,Male,1
46.61,41.0,55121.65,126.39,Female,1
67.8,45.0,66574.0,138.71,Male,1
80.51,28.0,61840.26,199.39,Male,0
55.6,54.0,42993.48,161.16,Female,1
77.14,29.0,53431.35,200.71,Female,0
43.49,49.0,40763.13,195.69,Male,1
47.64,60.0,66504.16,218.61,Male,1
47.64,29.0,56113.37,208.05,Female,0
40.04,42.0,60514.05,238.58,Female,1
59.59,22.0,73882.91,136.21,Female,0
82.07,22.0,31215.88,121.07,Female,0
59.59,34.0,59785.94,203.44,Female,1
55.6,35.0,25603.93,236.87,Female,1
40.47,29.0,56113.37,208.05,Female,0
51.24,54.0,38609.2,182.2,Female,0
39.96,45.0,31092.93,174.88,Male,1
82.07,22.0,67058.72,121.07,Female,0
65.59,31.0,59677.64,207.17,Male,0
44.98,34.0,20592.99,168.34,Female,0
56.16,29.0,69646.35,121.57,Female,0
65.77,23.0,61617.98,211.38,Male,1
46.31,31.0,61840.26,207.17,Male,0
53.92,31.0,59886.58,240.64,Male,0
67.8,45.0,59610.81,234.26,Male,1
40.01,44.0,57846.68,227.63,Female,1
59.51,40.0,62669.59,117.3,Female,1
66.08,43.0,55642.32,176.98,Male,0
39.96,45.0,59886.58,174.88,Female,1
84.0,36.0,70592.81,141.52,Male,0
44.33,39.0,57330.43,228.81,Female,1
37.87,44.0,44174.25,163.48,Male,1
60.72,23.0,46422.76,146.8,Female,1
55.6,39.0,31523.09,108.03,Female,1
82.07,34.0,59785.94,243.61,Male,1
51.38,28.0,71222.4,180.88,Female,0
80.31,28.0,57739.03,229.88,Male,0
69.88,34.0,59785.94,168.34,Female,0
81.67,28.0,67669.06,207.17,Female,0
68.11,26.0,74903.41,131.68,Male,0
83.71,38.0,57868.44,170.13,Female,1
67.56,36.0,32549.95,115.26,Male,1
78.84,36.0,50628.31,115.26,Male,0
40.47,35.0,25603.93,236.87,Female,1
74.54,42.0,60514.05,158.35,Female,1
82.07,48.0,52736.33,212.38,Male,1
41.73,31.0,61840.26,212.87,Male,1
40.17,26.0,60575.99,241.03,Male,0
39.36,33.0,34191.23,140.67,Male,1
69.15,35.0,39840.55,236.87,Female,1
46.13,29.0,50055.33,217.1,Male,0
40.47,35.0,25603.93,236.87,Female,0
66.49,23.0,67307.43,217.37,Male,0
45.01,26.0,35521.88,228.78,Male,1
81.98,34.0,34191.23,160.03,Male,0
